unit,cycle,y_true_rul_raw,y_pred_rul,model_name,representation,cut_rul,cut_cycle,max_cycle,window_size_used,error,abs_error,dangerous_error,conservative_error,rul_bin,seed
1,52,140.0,121.31856536865234,MLP_tabular_cfg_03,temporal_w30,140,52,192,30,-18.681434631347656,18.681434631347656,False,False,90+,0
1,82,110.0,108.19732666015625,MLP_tabular_cfg_03,temporal_w30,110,82,192,30,-1.80267333984375,1.80267333984375,False,False,90+,0
1,112,80.0,108.21392822265625,MLP_tabular_cfg_03,temporal_w30,80,112,192,30,28.21392822265625,28.21392822265625,True,False,60-90,0
1,142,50.0,68.50553131103516,MLP_tabular_cfg_03,temporal_w30,50,142,192,30,18.505531311035156,18.505531311035156,False,False,30-60,0
1,172,20.0,21.0801944732666,MLP_tabular_cfg_03,temporal_w30,20,172,192,30,1.0801944732666016,1.0801944732666016,False,False,0-30,0
5,129,140.0,108.68292999267578,MLP_tabular_cfg_03,temporal_w30,140,129,269,30,-31.31707000732422,31.31707000732422,False,True,90+,0
5,159,110.0,89.78694152832031,MLP_tabular_cfg_03,temporal_w30,110,159,269,30,-20.213058471679688,20.213058471679688,False,True,90+,0
5,189,80.0,75.34474182128906,MLP_tabular_cfg_03,temporal_w30,80,189,269,30,-4.6552581787109375,4.6552581787109375,False,False,60-90,0
5,219,50.0,46.10115432739258,MLP_tabular_cfg_03,temporal_w30,50,219,269,30,-3.898845672607422,3.898845672607422,False,False,30-60,0
5,249,20.0,12.897518157958984,MLP_tabular_cfg_03,temporal_w30,20,249,269,30,-7.102481842041016,7.102481842041016,False,False,0-30,0
11,100,140.0,118.53455352783203,MLP_tabular_cfg_03,temporal_w30,140,100,240,30,-21.46544647216797,21.46544647216797,False,True,90+,0
11,130,110.0,100.35768127441406,MLP_tabular_cfg_03,temporal_w30,110,130,240,30,-9.642318725585938,9.642318725585938,False,False,90+,0
11,160,80.0,75.74082946777344,MLP_tabular_cfg_03,temporal_w30,80,160,240,30,-4.2591705322265625,4.2591705322265625,False,False,60-90,0
11,190,50.0,43.252685546875,MLP_tabular_cfg_03,temporal_w30,50,190,240,30,-6.747314453125,6.747314453125,False,False,30-60,0
11,220,20.0,15.92823600769043,MLP_tabular_cfg_03,temporal_w30,20,220,240,30,-4.07176399230957,4.07176399230957,False,False,0-30,0
13,23,140.0,122.14860534667969,MLP_tabular_cfg_03,temporal_w30,140,23,163,23,-17.851394653320312,17.851394653320312,False,False,90+,0
13,53,110.0,117.37413024902344,MLP_tabular_cfg_03,temporal_w30,110,53,163,30,7.3741302490234375,7.3741302490234375,False,False,90+,0
13,83,80.0,106.64556884765625,MLP_tabular_cfg_03,temporal_w30,80,83,163,30,26.64556884765625,26.64556884765625,True,False,60-90,0
13,113,50.0,54.62197494506836,MLP_tabular_cfg_03,temporal_w30,50,113,163,30,4.621974945068359,4.621974945068359,False,False,30-60,0
13,143,20.0,22.330400466918945,MLP_tabular_cfg_03,temporal_w30,20,143,163,30,2.3304004669189453,2.3304004669189453,False,False,0-30,0
19,18,140.0,106.10228729248047,MLP_tabular_cfg_03,temporal_w30,140,18,158,18,-33.89771270751953,33.89771270751953,False,True,90+,0
19,48,110.0,88.92479705810547,MLP_tabular_cfg_03,temporal_w30,110,48,158,30,-21.07520294189453,21.07520294189453,False,True,90+,0
19,78,80.0,113.63158416748047,MLP_tabular_cfg_03,temporal_w30,80,78,158,30,33.63158416748047,33.63158416748047,True,False,60-90,0
19,108,50.0,59.457218170166016,MLP_tabular_cfg_03,temporal_w30,50,108,158,30,9.457218170166016,9.457218170166016,False,False,30-60,0
19,138,20.0,21.75265884399414,MLP_tabular_cfg_03,temporal_w30,20,138,158,30,1.7526588439941406,1.7526588439941406,False,False,0-30,0
23,28,140.0,115.5339126586914,MLP_tabular_cfg_03,temporal_w30,140,28,168,28,-24.466087341308594,24.466087341308594,False,True,90+,0
23,58,110.0,112.61773681640625,MLP_tabular_cfg_03,temporal_w30,110,58,168,30,2.61773681640625,2.61773681640625,False,False,90+,0
23,88,80.0,109.88594055175781,MLP_tabular_cfg_03,temporal_w30,80,88,168,30,29.885940551757812,29.885940551757812,True,False,60-90,0
23,118,50.0,54.925933837890625,MLP_tabular_cfg_03,temporal_w30,50,118,168,30,4.925933837890625,4.925933837890625,False,False,30-60,0
23,148,20.0,27.649940490722656,MLP_tabular_cfg_03,temporal_w30,20,148,168,30,7.649940490722656,7.649940490722656,False,False,0-30,0
31,94,140.0,107.30081176757812,MLP_tabular_cfg_03,temporal_w30,140,94,234,30,-32.699188232421875,32.699188232421875,False,True,90+,0
31,124,110.0,118.28849792480469,MLP_tabular_cfg_03,temporal_w30,110,124,234,30,8.288497924804688,8.288497924804688,False,False,90+,0
31,154,80.0,103.34761047363281,MLP_tabular_cfg_03,temporal_w30,80,154,234,30,23.347610473632812,23.347610473632812,True,False,60-90,0
31,184,50.0,69.63522338867188,MLP_tabular_cfg_03,temporal_w30,50,184,234,30,19.635223388671875,19.635223388671875,False,False,30-60,0
31,214,20.0,16.346479415893555,MLP_tabular_cfg_03,temporal_w30,20,214,234,30,-3.6535205841064453,3.6535205841064453,False,False,0-30,0
32,51,140.0,122.13287353515625,MLP_tabular_cfg_03,temporal_w30,140,51,191,30,-17.86712646484375,17.86712646484375,False,False,90+,0
32,81,110.0,92.89790344238281,MLP_tabular_cfg_03,temporal_w30,110,81,191,30,-17.102096557617188,17.102096557617188,False,False,90+,0
32,111,80.0,57.99929428100586,MLP_tabular_cfg_03,temporal_w30,80,111,191,30,-22.00070571899414,22.00070571899414,False,True,60-90,0
32,141,50.0,53.218299865722656,MLP_tabular_cfg_03,temporal_w30,50,141,191,30,3.2182998657226562,3.2182998657226562,False,False,30-60,0
32,171,20.0,18.605945587158203,MLP_tabular_cfg_03,temporal_w30,20,171,191,30,-1.3940544128417969,1.3940544128417969,False,False,0-30,0
34,55,140.0,98.41436767578125,MLP_tabular_cfg_03,temporal_w30,140,55,195,30,-41.58563232421875,41.58563232421875,False,True,90+,0
34,85,110.0,100.79180908203125,MLP_tabular_cfg_03,temporal_w30,110,85,195,30,-9.20819091796875,9.20819091796875,False,False,90+,0
34,115,80.0,81.62899780273438,MLP_tabular_cfg_03,temporal_w30,80,115,195,30,1.628997802734375,1.628997802734375,False,False,60-90,0
34,145,50.0,45.750125885009766,MLP_tabular_cfg_03,temporal_w30,50,145,195,30,-4.249874114990234,4.249874114990234,False,False,30-60,0
34,175,20.0,21.629459381103516,MLP_tabular_cfg_03,temporal_w30,20,175,195,30,1.6294593811035156,1.6294593811035156,False,False,0-30,0
40,48,140.0,113.52706909179688,MLP_tabular_cfg_03,temporal_w30,140,48,188,30,-26.472930908203125,26.472930908203125,False,True,90+,0
40,78,110.0,90.36610412597656,MLP_tabular_cfg_03,temporal_w30,110,78,188,30,-19.633895874023438,19.633895874023438,False,False,90+,0
40,108,80.0,74.08331298828125,MLP_tabular_cfg_03,temporal_w30,80,108,188,30,-5.91668701171875,5.91668701171875,False,False,60-90,0
40,138,50.0,55.037899017333984,MLP_tabular_cfg_03,temporal_w30,50,138,188,30,5.037899017333984,5.037899017333984,False,False,30-60,0
40,168,20.0,21.0633602142334,MLP_tabular_cfg_03,temporal_w30,20,168,188,30,1.0633602142333984,1.0633602142333984,False,False,0-30,0
45,18,140.0,127.5252914428711,MLP_tabular_cfg_03,temporal_w30,140,18,158,18,-12.474708557128906,12.474708557128906,False,False,90+,0
45,48,110.0,112.73065948486328,MLP_tabular_cfg_03,temporal_w30,110,48,158,30,2.7306594848632812,2.7306594848632812,False,False,90+,0
45,78,80.0,128.8223114013672,MLP_tabular_cfg_03,temporal_w30,80,78,158,30,48.82231140136719,48.82231140136719,True,False,60-90,0
45,108,50.0,64.76171112060547,MLP_tabular_cfg_03,temporal_w30,50,108,158,30,14.761711120605469,14.761711120605469,False,False,30-60,0
45,138,20.0,29.485774993896484,MLP_tabular_cfg_03,temporal_w30,20,138,158,30,9.485774993896484,9.485774993896484,False,False,0-30,0
46,116,140.0,114.87687683105469,MLP_tabular_cfg_03,temporal_w30,140,116,256,30,-25.123123168945312,25.123123168945312,False,True,90+,0
46,146,110.0,126.18312072753906,MLP_tabular_cfg_03,temporal_w30,110,146,256,30,16.183120727539062,16.183120727539062,False,False,90+,0
46,176,80.0,99.38182067871094,MLP_tabular_cfg_03,temporal_w30,80,176,256,30,19.381820678710938,19.381820678710938,False,False,60-90,0
46,206,50.0,52.17318344116211,MLP_tabular_cfg_03,temporal_w30,50,206,256,30,2.1731834411621094,2.1731834411621094,False,False,30-60,0
46,236,20.0,14.046810150146484,MLP_tabular_cfg_03,temporal_w30,20,236,256,30,-5.953189849853516,5.953189849853516,False,False,0-30,0
54,117,140.0,114.65315246582031,MLP_tabular_cfg_03,temporal_w30,140,117,257,30,-25.346847534179688,25.346847534179688,False,True,90+,0
54,147,110.0,104.31570434570312,MLP_tabular_cfg_03,temporal_w30,110,147,257,30,-5.684295654296875,5.684295654296875,False,False,90+,0
54,177,80.0,79.85243225097656,MLP_tabular_cfg_03,temporal_w30,80,177,257,30,-0.1475677490234375,0.1475677490234375,False,False,60-90,0
54,207,50.0,40.1306266784668,MLP_tabular_cfg_03,temporal_w30,50,207,257,30,-9.869373321533203,9.869373321533203,False,False,30-60,0
54,237,20.0,18.854841232299805,MLP_tabular_cfg_03,temporal_w30,20,237,257,30,-1.1451587677001953,1.1451587677001953,False,False,0-30,0
71,68,140.0,129.66921997070312,MLP_tabular_cfg_03,temporal_w30,140,68,208,30,-10.330780029296875,10.330780029296875,False,False,90+,0
71,98,110.0,111.36470031738281,MLP_tabular_cfg_03,temporal_w30,110,98,208,30,1.3647003173828125,1.3647003173828125,False,False,90+,0
71,128,80.0,66.1995620727539,MLP_tabular_cfg_03,temporal_w30,80,128,208,30,-13.800437927246094,13.800437927246094,False,False,60-90,0
71,158,50.0,53.04130172729492,MLP_tabular_cfg_03,temporal_w30,50,158,208,30,3.041301727294922,3.041301727294922,False,False,30-60,0
71,188,20.0,18.86599349975586,MLP_tabular_cfg_03,temporal_w30,20,188,208,30,-1.1340065002441406,1.1340065002441406,False,False,0-30,0
74,26,140.0,96.20516967773438,MLP_tabular_cfg_03,temporal_w30,140,26,166,26,-43.794830322265625,43.794830322265625,False,True,90+,0
74,56,110.0,109.27433776855469,MLP_tabular_cfg_03,temporal_w30,110,56,166,30,-0.7256622314453125,0.7256622314453125,False,False,90+,0
74,86,80.0,111.1464614868164,MLP_tabular_cfg_03,temporal_w30,80,86,166,30,31.146461486816406,31.146461486816406,True,False,60-90,0
74,116,50.0,94.71385192871094,MLP_tabular_cfg_03,temporal_w30,50,116,166,30,44.71385192871094,44.71385192871094,True,False,30-60,0
74,146,20.0,25.211288452148438,MLP_tabular_cfg_03,temporal_w30,20,146,166,30,5.2112884521484375,5.2112884521484375,False,False,0-30,0
77,14,140.0,121.1888656616211,MLP_tabular_cfg_03,temporal_w30,140,14,154,14,-18.811134338378906,18.811134338378906,False,False,90+,0
77,44,110.0,128.06930541992188,MLP_tabular_cfg_03,temporal_w30,110,44,154,30,18.069305419921875,18.069305419921875,False,False,90+,0
77,74,80.0,99.54840087890625,MLP_tabular_cfg_03,temporal_w30,80,74,154,30,19.54840087890625,19.54840087890625,False,False,60-90,0
77,104,50.0,81.09385681152344,MLP_tabular_cfg_03,temporal_w30,50,104,154,30,31.093856811523438,31.093856811523438,True,False,30-60,0
77,134,20.0,31.203166961669922,MLP_tabular_cfg_03,temporal_w30,20,134,154,30,11.203166961669922,11.203166961669922,False,False,0-30,0
78,91,140.0,119.5740966796875,MLP_tabular_cfg_03,temporal_w30,140,91,231,30,-20.4259033203125,20.4259033203125,False,True,90+,0
78,121,110.0,119.48695373535156,MLP_tabular_cfg_03,temporal_w30,110,121,231,30,9.486953735351562,9.486953735351562,False,False,90+,0
78,151,80.0,98.90503692626953,MLP_tabular_cfg_03,temporal_w30,80,151,231,30,18.90503692626953,18.90503692626953,False,False,60-90,0
78,181,50.0,52.84939956665039,MLP_tabular_cfg_03,temporal_w30,50,181,231,30,2.8493995666503906,2.8493995666503906,False,False,30-60,0
78,211,20.0,17.917137145996094,MLP_tabular_cfg_03,temporal_w30,20,211,231,30,-2.0828628540039062,2.0828628540039062,False,False,0-30,0
81,100,140.0,106.76324462890625,MLP_tabular_cfg_03,temporal_w30,140,100,240,30,-33.23675537109375,33.23675537109375,False,True,90+,0
81,130,110.0,84.69926452636719,MLP_tabular_cfg_03,temporal_w30,110,130,240,30,-25.300735473632812,25.300735473632812,False,True,90+,0
81,160,80.0,64.2711410522461,MLP_tabular_cfg_03,temporal_w30,80,160,240,30,-15.728858947753906,15.728858947753906,False,False,60-90,0
81,190,50.0,47.48197555541992,MLP_tabular_cfg_03,temporal_w30,50,190,240,30,-2.518024444580078,2.518024444580078,False,False,30-60,0
81,220,20.0,18.560789108276367,MLP_tabular_cfg_03,temporal_w30,20,220,240,30,-1.4392108917236328,1.4392108917236328,False,False,0-30,0
84,127,140.0,90.33456420898438,MLP_tabular_cfg_03,temporal_w30,140,127,267,30,-49.665435791015625,49.665435791015625,False,True,90+,0
84,157,110.0,101.83177185058594,MLP_tabular_cfg_03,temporal_w30,110,157,267,30,-8.168228149414062,8.168228149414062,False,False,90+,0
84,187,80.0,79.75650024414062,MLP_tabular_cfg_03,temporal_w30,80,187,267,30,-0.243499755859375,0.243499755859375,False,False,60-90,0
84,217,50.0,36.90553665161133,MLP_tabular_cfg_03,temporal_w30,50,217,267,30,-13.094463348388672,13.094463348388672,False,False,30-60,0
84,247,20.0,27.535621643066406,MLP_tabular_cfg_03,temporal_w30,20,247,267,30,7.535621643066406,7.535621643066406,False,False,0-30,0
91,25,110.0,117.74993896484375,MLP_tabular_cfg_03,temporal_w30,110,25,135,25,7.74993896484375,7.74993896484375,False,False,90+,0
91,55,80.0,99.13963317871094,MLP_tabular_cfg_03,temporal_w30,80,55,135,30,19.139633178710938,19.139633178710938,False,False,60-90,0
91,85,50.0,66.3833236694336,MLP_tabular_cfg_03,temporal_w30,50,85,135,30,16.383323669433594,16.383323669433594,False,False,30-60,0
91,115,20.0,26.87779998779297,MLP_tabular_cfg_03,temporal_w30,20,115,135,30,6.877799987792969,6.877799987792969,False,False,0-30,0
1,52,140.0,125.6586685180664,MLP_tabular_cfg_03,temporal_w30,140,52,192,30,-14.341331481933594,14.341331481933594,False,False,90+,1
1,82,110.0,104.18436431884766,MLP_tabular_cfg_03,temporal_w30,110,82,192,30,-5.815635681152344,5.815635681152344,False,False,90+,1
1,112,80.0,111.78397369384766,MLP_tabular_cfg_03,temporal_w30,80,112,192,30,31.783973693847656,31.783973693847656,True,False,60-90,1
1,142,50.0,71.81562805175781,MLP_tabular_cfg_03,temporal_w30,50,142,192,30,21.815628051757812,21.815628051757812,True,False,30-60,1
1,172,20.0,22.74724578857422,MLP_tabular_cfg_03,temporal_w30,20,172,192,30,2.7472457885742188,2.7472457885742188,False,False,0-30,1
5,129,140.0,103.5195083618164,MLP_tabular_cfg_03,temporal_w30,140,129,269,30,-36.480491638183594,36.480491638183594,False,True,90+,1
5,159,110.0,95.53824615478516,MLP_tabular_cfg_03,temporal_w30,110,159,269,30,-14.461753845214844,14.461753845214844,False,False,90+,1
5,189,80.0,69.25047302246094,MLP_tabular_cfg_03,temporal_w30,80,189,269,30,-10.749526977539062,10.749526977539062,False,False,60-90,1
5,219,50.0,42.59608459472656,MLP_tabular_cfg_03,temporal_w30,50,219,269,30,-7.4039154052734375,7.4039154052734375,False,False,30-60,1
5,249,20.0,13.120100021362305,MLP_tabular_cfg_03,temporal_w30,20,249,269,30,-6.879899978637695,6.879899978637695,False,False,0-30,1
11,100,140.0,104.37528228759766,MLP_tabular_cfg_03,temporal_w30,140,100,240,30,-35.624717712402344,35.624717712402344,False,True,90+,1
11,130,110.0,94.84661102294922,MLP_tabular_cfg_03,temporal_w30,110,130,240,30,-15.153388977050781,15.153388977050781,False,False,90+,1
11,160,80.0,78.21723937988281,MLP_tabular_cfg_03,temporal_w30,80,160,240,30,-1.7827606201171875,1.7827606201171875,False,False,60-90,1
11,190,50.0,43.02450180053711,MLP_tabular_cfg_03,temporal_w30,50,190,240,30,-6.975498199462891,6.975498199462891,False,False,30-60,1
11,220,20.0,16.925804138183594,MLP_tabular_cfg_03,temporal_w30,20,220,240,30,-3.0741958618164062,3.0741958618164062,False,False,0-30,1
13,23,140.0,118.63661193847656,MLP_tabular_cfg_03,temporal_w30,140,23,163,23,-21.363388061523438,21.363388061523438,False,True,90+,1
13,53,110.0,120.34638214111328,MLP_tabular_cfg_03,temporal_w30,110,53,163,30,10.346382141113281,10.346382141113281,False,False,90+,1
13,83,80.0,100.4275131225586,MLP_tabular_cfg_03,temporal_w30,80,83,163,30,20.427513122558594,20.427513122558594,True,False,60-90,1
13,113,50.0,50.8096809387207,MLP_tabular_cfg_03,temporal_w30,50,113,163,30,0.8096809387207031,0.8096809387207031,False,False,30-60,1
13,143,20.0,28.14165496826172,MLP_tabular_cfg_03,temporal_w30,20,143,163,30,8.141654968261719,8.141654968261719,False,False,0-30,1
19,18,140.0,108.9915542602539,MLP_tabular_cfg_03,temporal_w30,140,18,158,18,-31.008445739746094,31.008445739746094,False,True,90+,1
19,48,110.0,89.12945556640625,MLP_tabular_cfg_03,temporal_w30,110,48,158,30,-20.87054443359375,20.87054443359375,False,True,90+,1
19,78,80.0,98.38336944580078,MLP_tabular_cfg_03,temporal_w30,80,78,158,30,18.38336944580078,18.38336944580078,False,False,60-90,1
19,108,50.0,67.93965148925781,MLP_tabular_cfg_03,temporal_w30,50,108,158,30,17.939651489257812,17.939651489257812,False,False,30-60,1
19,138,20.0,18.726884841918945,MLP_tabular_cfg_03,temporal_w30,20,138,158,30,-1.2731151580810547,1.2731151580810547,False,False,0-30,1
23,28,140.0,121.67092895507812,MLP_tabular_cfg_03,temporal_w30,140,28,168,28,-18.329071044921875,18.329071044921875,False,False,90+,1
23,58,110.0,111.69681549072266,MLP_tabular_cfg_03,temporal_w30,110,58,168,30,1.6968154907226562,1.6968154907226562,False,False,90+,1
23,88,80.0,111.76717376708984,MLP_tabular_cfg_03,temporal_w30,80,88,168,30,31.767173767089844,31.767173767089844,True,False,60-90,1
23,118,50.0,62.082332611083984,MLP_tabular_cfg_03,temporal_w30,50,118,168,30,12.082332611083984,12.082332611083984,False,False,30-60,1
23,148,20.0,31.795347213745117,MLP_tabular_cfg_03,temporal_w30,20,148,168,30,11.795347213745117,11.795347213745117,False,False,0-30,1
31,94,140.0,104.34998321533203,MLP_tabular_cfg_03,temporal_w30,140,94,234,30,-35.65001678466797,35.65001678466797,False,True,90+,1
31,124,110.0,116.09322357177734,MLP_tabular_cfg_03,temporal_w30,110,124,234,30,6.093223571777344,6.093223571777344,False,False,90+,1
31,154,80.0,105.98815155029297,MLP_tabular_cfg_03,temporal_w30,80,154,234,30,25.98815155029297,25.98815155029297,True,False,60-90,1
31,184,50.0,68.43994903564453,MLP_tabular_cfg_03,temporal_w30,50,184,234,30,18.43994903564453,18.43994903564453,False,False,30-60,1
31,214,20.0,15.156421661376953,MLP_tabular_cfg_03,temporal_w30,20,214,234,30,-4.843578338623047,4.843578338623047,False,False,0-30,1
32,51,140.0,115.4443130493164,MLP_tabular_cfg_03,temporal_w30,140,51,191,30,-24.555686950683594,24.555686950683594,False,True,90+,1
32,81,110.0,112.32361602783203,MLP_tabular_cfg_03,temporal_w30,110,81,191,30,2.3236160278320312,2.3236160278320312,False,False,90+,1
32,111,80.0,74.07270050048828,MLP_tabular_cfg_03,temporal_w30,80,111,191,30,-5.927299499511719,5.927299499511719,False,False,60-90,1
32,141,50.0,56.52405548095703,MLP_tabular_cfg_03,temporal_w30,50,141,191,30,6.524055480957031,6.524055480957031,False,False,30-60,1
32,171,20.0,20.250736236572266,MLP_tabular_cfg_03,temporal_w30,20,171,191,30,0.2507362365722656,0.2507362365722656,False,False,0-30,1
34,55,140.0,90.84676361083984,MLP_tabular_cfg_03,temporal_w30,140,55,195,30,-49.153236389160156,49.153236389160156,False,True,90+,1
34,85,110.0,90.48392486572266,MLP_tabular_cfg_03,temporal_w30,110,85,195,30,-19.516075134277344,19.516075134277344,False,False,90+,1
34,115,80.0,81.28376007080078,MLP_tabular_cfg_03,temporal_w30,80,115,195,30,1.2837600708007812,1.2837600708007812,False,False,60-90,1
34,145,50.0,50.393829345703125,MLP_tabular_cfg_03,temporal_w30,50,145,195,30,0.393829345703125,0.393829345703125,False,False,30-60,1
34,175,20.0,17.97240447998047,MLP_tabular_cfg_03,temporal_w30,20,175,195,30,-2.0275955200195312,2.0275955200195312,False,False,0-30,1
40,48,140.0,104.74150085449219,MLP_tabular_cfg_03,temporal_w30,140,48,188,30,-35.25849914550781,35.25849914550781,False,True,90+,1
40,78,110.0,90.70157623291016,MLP_tabular_cfg_03,temporal_w30,110,78,188,30,-19.298423767089844,19.298423767089844,False,False,90+,1
40,108,80.0,70.24881744384766,MLP_tabular_cfg_03,temporal_w30,80,108,188,30,-9.751182556152344,9.751182556152344,False,False,60-90,1
40,138,50.0,48.31986999511719,MLP_tabular_cfg_03,temporal_w30,50,138,188,30,-1.6801300048828125,1.6801300048828125,False,False,30-60,1
40,168,20.0,18.157121658325195,MLP_tabular_cfg_03,temporal_w30,20,168,188,30,-1.8428783416748047,1.8428783416748047,False,False,0-30,1
45,18,140.0,123.9152603149414,MLP_tabular_cfg_03,temporal_w30,140,18,158,18,-16.084739685058594,16.084739685058594,False,False,90+,1
45,48,110.0,106.23685455322266,MLP_tabular_cfg_03,temporal_w30,110,48,158,30,-3.7631454467773438,3.7631454467773438,False,False,90+,1
45,78,80.0,125.97702026367188,MLP_tabular_cfg_03,temporal_w30,80,78,158,30,45.977020263671875,45.977020263671875,True,False,60-90,1
45,108,50.0,55.90348815917969,MLP_tabular_cfg_03,temporal_w30,50,108,158,30,5.9034881591796875,5.9034881591796875,False,False,30-60,1
45,138,20.0,28.381967544555664,MLP_tabular_cfg_03,temporal_w30,20,138,158,30,8.381967544555664,8.381967544555664,False,False,0-30,1
46,116,140.0,123.16062927246094,MLP_tabular_cfg_03,temporal_w30,140,116,256,30,-16.839370727539062,16.839370727539062,False,False,90+,1
46,146,110.0,116.9854736328125,MLP_tabular_cfg_03,temporal_w30,110,146,256,30,6.9854736328125,6.9854736328125,False,False,90+,1
46,176,80.0,78.56214141845703,MLP_tabular_cfg_03,temporal_w30,80,176,256,30,-1.4378585815429688,1.4378585815429688,False,False,60-90,1
46,206,50.0,47.50859451293945,MLP_tabular_cfg_03,temporal_w30,50,206,256,30,-2.491405487060547,2.491405487060547,False,False,30-60,1
46,236,20.0,14.834877014160156,MLP_tabular_cfg_03,temporal_w30,20,236,256,30,-5.165122985839844,5.165122985839844,False,False,0-30,1
54,117,140.0,120.41539764404297,MLP_tabular_cfg_03,temporal_w30,140,117,257,30,-19.58460235595703,19.58460235595703,False,False,90+,1
54,147,110.0,93.33909606933594,MLP_tabular_cfg_03,temporal_w30,110,147,257,30,-16.660903930664062,16.660903930664062,False,False,90+,1
54,177,80.0,74.75423431396484,MLP_tabular_cfg_03,temporal_w30,80,177,257,30,-5.245765686035156,5.245765686035156,False,False,60-90,1
54,207,50.0,44.49943923950195,MLP_tabular_cfg_03,temporal_w30,50,207,257,30,-5.500560760498047,5.500560760498047,False,False,30-60,1
54,237,20.0,19.176008224487305,MLP_tabular_cfg_03,temporal_w30,20,237,257,30,-0.8239917755126953,0.8239917755126953,False,False,0-30,1
71,68,140.0,121.76819610595703,MLP_tabular_cfg_03,temporal_w30,140,68,208,30,-18.23180389404297,18.23180389404297,False,False,90+,1
71,98,110.0,118.44881439208984,MLP_tabular_cfg_03,temporal_w30,110,98,208,30,8.448814392089844,8.448814392089844,False,False,90+,1
71,128,80.0,69.19046783447266,MLP_tabular_cfg_03,temporal_w30,80,128,208,30,-10.809532165527344,10.809532165527344,False,False,60-90,1
71,158,50.0,52.613765716552734,MLP_tabular_cfg_03,temporal_w30,50,158,208,30,2.6137657165527344,2.6137657165527344,False,False,30-60,1
71,188,20.0,16.85349464416504,MLP_tabular_cfg_03,temporal_w30,20,188,208,30,-3.146505355834961,3.146505355834961,False,False,0-30,1
74,26,140.0,98.17506408691406,MLP_tabular_cfg_03,temporal_w30,140,26,166,26,-41.82493591308594,41.82493591308594,False,True,90+,1
74,56,110.0,108.66983032226562,MLP_tabular_cfg_03,temporal_w30,110,56,166,30,-1.330169677734375,1.330169677734375,False,False,90+,1
74,86,80.0,110.4117660522461,MLP_tabular_cfg_03,temporal_w30,80,86,166,30,30.411766052246094,30.411766052246094,True,False,60-90,1
74,116,50.0,83.31011962890625,MLP_tabular_cfg_03,temporal_w30,50,116,166,30,33.31011962890625,33.31011962890625,True,False,30-60,1
74,146,20.0,23.360992431640625,MLP_tabular_cfg_03,temporal_w30,20,146,166,30,3.360992431640625,3.360992431640625,False,False,0-30,1
77,14,140.0,120.6675796508789,MLP_tabular_cfg_03,temporal_w30,140,14,154,14,-19.332420349121094,19.332420349121094,False,False,90+,1
77,44,110.0,122.77124786376953,MLP_tabular_cfg_03,temporal_w30,110,44,154,30,12.771247863769531,12.771247863769531,False,False,90+,1
77,74,80.0,105.19571685791016,MLP_tabular_cfg_03,temporal_w30,80,74,154,30,25.195716857910156,25.195716857910156,True,False,60-90,1
77,104,50.0,69.45616912841797,MLP_tabular_cfg_03,temporal_w30,50,104,154,30,19.45616912841797,19.45616912841797,False,False,30-60,1
77,134,20.0,29.508644104003906,MLP_tabular_cfg_03,temporal_w30,20,134,154,30,9.508644104003906,9.508644104003906,False,False,0-30,1
78,91,140.0,127.0441665649414,MLP_tabular_cfg_03,temporal_w30,140,91,231,30,-12.955833435058594,12.955833435058594,False,False,90+,1
78,121,110.0,123.19194793701172,MLP_tabular_cfg_03,temporal_w30,110,121,231,30,13.191947937011719,13.191947937011719,False,False,90+,1
78,151,80.0,93.5915298461914,MLP_tabular_cfg_03,temporal_w30,80,151,231,30,13.591529846191406,13.591529846191406,False,False,60-90,1
78,181,50.0,46.08658981323242,MLP_tabular_cfg_03,temporal_w30,50,181,231,30,-3.913410186767578,3.913410186767578,False,False,30-60,1
78,211,20.0,19.538423538208008,MLP_tabular_cfg_03,temporal_w30,20,211,231,30,-0.4615764617919922,0.4615764617919922,False,False,0-30,1
81,100,140.0,111.00736236572266,MLP_tabular_cfg_03,temporal_w30,140,100,240,30,-28.992637634277344,28.992637634277344,False,True,90+,1
81,130,110.0,78.04378509521484,MLP_tabular_cfg_03,temporal_w30,110,130,240,30,-31.956214904785156,31.956214904785156,False,True,90+,1
81,160,80.0,69.54075622558594,MLP_tabular_cfg_03,temporal_w30,80,160,240,30,-10.459243774414062,10.459243774414062,False,False,60-90,1
81,190,50.0,47.199527740478516,MLP_tabular_cfg_03,temporal_w30,50,190,240,30,-2.8004722595214844,2.8004722595214844,False,False,30-60,1
81,220,20.0,16.820941925048828,MLP_tabular_cfg_03,temporal_w30,20,220,240,30,-3.179058074951172,3.179058074951172,False,False,0-30,1
84,127,140.0,108.62662506103516,MLP_tabular_cfg_03,temporal_w30,140,127,267,30,-31.373374938964844,31.373374938964844,False,True,90+,1
84,157,110.0,81.59492492675781,MLP_tabular_cfg_03,temporal_w30,110,157,267,30,-28.405075073242188,28.405075073242188,False,True,90+,1
84,187,80.0,74.3690414428711,MLP_tabular_cfg_03,temporal_w30,80,187,267,30,-5.630958557128906,5.630958557128906,False,False,60-90,1
84,217,50.0,44.523895263671875,MLP_tabular_cfg_03,temporal_w30,50,217,267,30,-5.476104736328125,5.476104736328125,False,False,30-60,1
84,247,20.0,32.97490310668945,MLP_tabular_cfg_03,temporal_w30,20,247,267,30,12.974903106689453,12.974903106689453,False,False,0-30,1
91,25,110.0,116.33854675292969,MLP_tabular_cfg_03,temporal_w30,110,25,135,25,6.3385467529296875,6.3385467529296875,False,False,90+,1
91,55,80.0,106.86746978759766,MLP_tabular_cfg_03,temporal_w30,80,55,135,30,26.867469787597656,26.867469787597656,True,False,60-90,1
91,85,50.0,57.13814163208008,MLP_tabular_cfg_03,temporal_w30,50,85,135,30,7.138141632080078,7.138141632080078,False,False,30-60,1
91,115,20.0,25.207813262939453,MLP_tabular_cfg_03,temporal_w30,20,115,135,30,5.207813262939453,5.207813262939453,False,False,0-30,1
1,52,140.0,126.50740051269531,MLP_tabular_cfg_03,temporal_w30,140,52,192,30,-13.492599487304688,13.492599487304688,False,False,90+,2
1,82,110.0,93.79523468017578,MLP_tabular_cfg_03,temporal_w30,110,82,192,30,-16.20476531982422,16.20476531982422,False,False,90+,2
1,112,80.0,117.40904235839844,MLP_tabular_cfg_03,temporal_w30,80,112,192,30,37.40904235839844,37.40904235839844,True,False,60-90,2
1,142,50.0,87.79801177978516,MLP_tabular_cfg_03,temporal_w30,50,142,192,30,37.798011779785156,37.798011779785156,True,False,30-60,2
1,172,20.0,24.919219970703125,MLP_tabular_cfg_03,temporal_w30,20,172,192,30,4.919219970703125,4.919219970703125,False,False,0-30,2
5,129,140.0,116.73306274414062,MLP_tabular_cfg_03,temporal_w30,140,129,269,30,-23.266937255859375,23.266937255859375,False,True,90+,2
5,159,110.0,97.89710998535156,MLP_tabular_cfg_03,temporal_w30,110,159,269,30,-12.102890014648438,12.102890014648438,False,False,90+,2
5,189,80.0,73.93838500976562,MLP_tabular_cfg_03,temporal_w30,80,189,269,30,-6.061614990234375,6.061614990234375,False,False,60-90,2
5,219,50.0,46.76551055908203,MLP_tabular_cfg_03,temporal_w30,50,219,269,30,-3.2344894409179688,3.2344894409179688,False,False,30-60,2
5,249,20.0,14.397759437561035,MLP_tabular_cfg_03,temporal_w30,20,249,269,30,-5.602240562438965,5.602240562438965,False,False,0-30,2
11,100,140.0,109.24246215820312,MLP_tabular_cfg_03,temporal_w30,140,100,240,30,-30.757537841796875,30.757537841796875,False,True,90+,2
11,130,110.0,96.42335510253906,MLP_tabular_cfg_03,temporal_w30,110,130,240,30,-13.576644897460938,13.576644897460938,False,False,90+,2
11,160,80.0,71.7489013671875,MLP_tabular_cfg_03,temporal_w30,80,160,240,30,-8.2510986328125,8.2510986328125,False,False,60-90,2
11,190,50.0,49.449859619140625,MLP_tabular_cfg_03,temporal_w30,50,190,240,30,-0.550140380859375,0.550140380859375,False,False,30-60,2
11,220,20.0,16.462757110595703,MLP_tabular_cfg_03,temporal_w30,20,220,240,30,-3.537242889404297,3.537242889404297,False,False,0-30,2
13,23,140.0,120.72223663330078,MLP_tabular_cfg_03,temporal_w30,140,23,163,23,-19.27776336669922,19.27776336669922,False,False,90+,2
13,53,110.0,122.48696899414062,MLP_tabular_cfg_03,temporal_w30,110,53,163,30,12.486968994140625,12.486968994140625,False,False,90+,2
13,83,80.0,92.7430419921875,MLP_tabular_cfg_03,temporal_w30,80,83,163,30,12.7430419921875,12.7430419921875,False,False,60-90,2
13,113,50.0,56.55523681640625,MLP_tabular_cfg_03,temporal_w30,50,113,163,30,6.55523681640625,6.55523681640625,False,False,30-60,2
13,143,20.0,29.90903091430664,MLP_tabular_cfg_03,temporal_w30,20,143,163,30,9.90903091430664,9.90903091430664,False,False,0-30,2
19,18,140.0,101.2646255493164,MLP_tabular_cfg_03,temporal_w30,140,18,158,18,-38.735374450683594,38.735374450683594,False,True,90+,2
19,48,110.0,82.33038330078125,MLP_tabular_cfg_03,temporal_w30,110,48,158,30,-27.66961669921875,27.66961669921875,False,True,90+,2
19,78,80.0,106.84337615966797,MLP_tabular_cfg_03,temporal_w30,80,78,158,30,26.84337615966797,26.84337615966797,True,False,60-90,2
19,108,50.0,60.935752868652344,MLP_tabular_cfg_03,temporal_w30,50,108,158,30,10.935752868652344,10.935752868652344,False,False,30-60,2
19,138,20.0,24.478500366210938,MLP_tabular_cfg_03,temporal_w30,20,138,158,30,4.4785003662109375,4.4785003662109375,False,False,0-30,2
23,28,140.0,123.81491088867188,MLP_tabular_cfg_03,temporal_w30,140,28,168,28,-16.185089111328125,16.185089111328125,False,False,90+,2
23,58,110.0,96.40426635742188,MLP_tabular_cfg_03,temporal_w30,110,58,168,30,-13.595733642578125,13.595733642578125,False,False,90+,2
23,88,80.0,118.59248352050781,MLP_tabular_cfg_03,temporal_w30,80,88,168,30,38.59248352050781,38.59248352050781,True,False,60-90,2
23,118,50.0,60.64539337158203,MLP_tabular_cfg_03,temporal_w30,50,118,168,30,10.645393371582031,10.645393371582031,False,False,30-60,2
23,148,20.0,26.388450622558594,MLP_tabular_cfg_03,temporal_w30,20,148,168,30,6.388450622558594,6.388450622558594,False,False,0-30,2
31,94,140.0,103.80111694335938,MLP_tabular_cfg_03,temporal_w30,140,94,234,30,-36.198883056640625,36.198883056640625,False,True,90+,2
31,124,110.0,118.92650604248047,MLP_tabular_cfg_03,temporal_w30,110,124,234,30,8.926506042480469,8.926506042480469,False,False,90+,2
31,154,80.0,114.80363464355469,MLP_tabular_cfg_03,temporal_w30,80,154,234,30,34.80363464355469,34.80363464355469,True,False,60-90,2
31,184,50.0,54.104034423828125,MLP_tabular_cfg_03,temporal_w30,50,184,234,30,4.104034423828125,4.104034423828125,False,False,30-60,2
31,214,20.0,12.753865242004395,MLP_tabular_cfg_03,temporal_w30,20,214,234,30,-7.2461347579956055,7.2461347579956055,False,False,0-30,2
32,51,140.0,108.00489807128906,MLP_tabular_cfg_03,temporal_w30,140,51,191,30,-31.995101928710938,31.995101928710938,False,True,90+,2
32,81,110.0,100.00272369384766,MLP_tabular_cfg_03,temporal_w30,110,81,191,30,-9.997276306152344,9.997276306152344,False,False,90+,2
32,111,80.0,68.70573425292969,MLP_tabular_cfg_03,temporal_w30,80,111,191,30,-11.294265747070312,11.294265747070312,False,False,60-90,2
32,141,50.0,51.72526550292969,MLP_tabular_cfg_03,temporal_w30,50,141,191,30,1.7252655029296875,1.7252655029296875,False,False,30-60,2
32,171,20.0,28.795005798339844,MLP_tabular_cfg_03,temporal_w30,20,171,191,30,8.795005798339844,8.795005798339844,False,False,0-30,2
34,55,140.0,94.39056396484375,MLP_tabular_cfg_03,temporal_w30,140,55,195,30,-45.60943603515625,45.60943603515625,False,True,90+,2
34,85,110.0,98.39186096191406,MLP_tabular_cfg_03,temporal_w30,110,85,195,30,-11.608139038085938,11.608139038085938,False,False,90+,2
34,115,80.0,80.89198303222656,MLP_tabular_cfg_03,temporal_w30,80,115,195,30,0.8919830322265625,0.8919830322265625,False,False,60-90,2
34,145,50.0,52.67180252075195,MLP_tabular_cfg_03,temporal_w30,50,145,195,30,2.671802520751953,2.671802520751953,False,False,30-60,2
34,175,20.0,21.3521728515625,MLP_tabular_cfg_03,temporal_w30,20,175,195,30,1.3521728515625,1.3521728515625,False,False,0-30,2
40,48,140.0,93.16229248046875,MLP_tabular_cfg_03,temporal_w30,140,48,188,30,-46.83770751953125,46.83770751953125,False,True,90+,2
40,78,110.0,79.95733642578125,MLP_tabular_cfg_03,temporal_w30,110,78,188,30,-30.04266357421875,30.04266357421875,False,True,90+,2
40,108,80.0,69.58998107910156,MLP_tabular_cfg_03,temporal_w30,80,108,188,30,-10.410018920898438,10.410018920898438,False,False,60-90,2
40,138,50.0,52.874664306640625,MLP_tabular_cfg_03,temporal_w30,50,138,188,30,2.874664306640625,2.874664306640625,False,False,30-60,2
40,168,20.0,17.51613998413086,MLP_tabular_cfg_03,temporal_w30,20,168,188,30,-2.4838600158691406,2.4838600158691406,False,False,0-30,2
45,18,140.0,126.58534240722656,MLP_tabular_cfg_03,temporal_w30,140,18,158,18,-13.414657592773438,13.414657592773438,False,False,90+,2
45,48,110.0,115.64474487304688,MLP_tabular_cfg_03,temporal_w30,110,48,158,30,5.644744873046875,5.644744873046875,False,False,90+,2
45,78,80.0,121.2802734375,MLP_tabular_cfg_03,temporal_w30,80,78,158,30,41.2802734375,41.2802734375,True,False,60-90,2
45,108,50.0,59.10687255859375,MLP_tabular_cfg_03,temporal_w30,50,108,158,30,9.10687255859375,9.10687255859375,False,False,30-60,2
45,138,20.0,33.73091506958008,MLP_tabular_cfg_03,temporal_w30,20,138,158,30,13.730915069580078,13.730915069580078,False,False,0-30,2
46,116,140.0,107.8573989868164,MLP_tabular_cfg_03,temporal_w30,140,116,256,30,-32.142601013183594,32.142601013183594,False,True,90+,2
46,146,110.0,118.86834716796875,MLP_tabular_cfg_03,temporal_w30,110,146,256,30,8.86834716796875,8.86834716796875,False,False,90+,2
46,176,80.0,102.90132141113281,MLP_tabular_cfg_03,temporal_w30,80,176,256,30,22.901321411132812,22.901321411132812,True,False,60-90,2
46,206,50.0,51.1983528137207,MLP_tabular_cfg_03,temporal_w30,50,206,256,30,1.1983528137207031,1.1983528137207031,False,False,30-60,2
46,236,20.0,15.85537052154541,MLP_tabular_cfg_03,temporal_w30,20,236,256,30,-4.14462947845459,4.14462947845459,False,False,0-30,2
54,117,140.0,117.63671875,MLP_tabular_cfg_03,temporal_w30,140,117,257,30,-22.36328125,22.36328125,False,True,90+,2
54,147,110.0,101.338134765625,MLP_tabular_cfg_03,temporal_w30,110,147,257,30,-8.661865234375,8.661865234375,False,False,90+,2
54,177,80.0,70.63478088378906,MLP_tabular_cfg_03,temporal_w30,80,177,257,30,-9.365219116210938,9.365219116210938,False,False,60-90,2
54,207,50.0,38.65589904785156,MLP_tabular_cfg_03,temporal_w30,50,207,257,30,-11.344100952148438,11.344100952148438,False,False,30-60,2
54,237,20.0,16.585498809814453,MLP_tabular_cfg_03,temporal_w30,20,237,257,30,-3.414501190185547,3.414501190185547,False,False,0-30,2
71,68,140.0,123.21172332763672,MLP_tabular_cfg_03,temporal_w30,140,68,208,30,-16.78827667236328,16.78827667236328,False,False,90+,2
71,98,110.0,115.05572509765625,MLP_tabular_cfg_03,temporal_w30,110,98,208,30,5.05572509765625,5.05572509765625,False,False,90+,2
71,128,80.0,59.876426696777344,MLP_tabular_cfg_03,temporal_w30,80,128,208,30,-20.123573303222656,20.123573303222656,False,True,60-90,2
71,158,50.0,49.804588317871094,MLP_tabular_cfg_03,temporal_w30,50,158,208,30,-0.19541168212890625,0.19541168212890625,False,False,30-60,2
71,188,20.0,19.47100067138672,MLP_tabular_cfg_03,temporal_w30,20,188,208,30,-0.5289993286132812,0.5289993286132812,False,False,0-30,2
74,26,140.0,108.21429443359375,MLP_tabular_cfg_03,temporal_w30,140,26,166,26,-31.78570556640625,31.78570556640625,False,True,90+,2
74,56,110.0,109.41413879394531,MLP_tabular_cfg_03,temporal_w30,110,56,166,30,-0.5858612060546875,0.5858612060546875,False,False,90+,2
74,86,80.0,108.66129302978516,MLP_tabular_cfg_03,temporal_w30,80,86,166,30,28.661293029785156,28.661293029785156,True,False,60-90,2
74,116,50.0,89.47268676757812,MLP_tabular_cfg_03,temporal_w30,50,116,166,30,39.472686767578125,39.472686767578125,True,False,30-60,2
74,146,20.0,22.69698715209961,MLP_tabular_cfg_03,temporal_w30,20,146,166,30,2.6969871520996094,2.6969871520996094,False,False,0-30,2
77,14,140.0,123.0613784790039,MLP_tabular_cfg_03,temporal_w30,140,14,154,14,-16.938621520996094,16.938621520996094,False,False,90+,2
77,44,110.0,119.65092468261719,MLP_tabular_cfg_03,temporal_w30,110,44,154,30,9.650924682617188,9.650924682617188,False,False,90+,2
77,74,80.0,109.72319030761719,MLP_tabular_cfg_03,temporal_w30,80,74,154,30,29.723190307617188,29.723190307617188,True,False,60-90,2
77,104,50.0,84.74356079101562,MLP_tabular_cfg_03,temporal_w30,50,104,154,30,34.743560791015625,34.743560791015625,True,False,30-60,2
77,134,20.0,33.97417449951172,MLP_tabular_cfg_03,temporal_w30,20,134,154,30,13.974174499511719,13.974174499511719,False,False,0-30,2
78,91,140.0,124.61842346191406,MLP_tabular_cfg_03,temporal_w30,140,91,231,30,-15.381576538085938,15.381576538085938,False,False,90+,2
78,121,110.0,118.83993530273438,MLP_tabular_cfg_03,temporal_w30,110,121,231,30,8.839935302734375,8.839935302734375,False,False,90+,2
78,151,80.0,101.9041748046875,MLP_tabular_cfg_03,temporal_w30,80,151,231,30,21.9041748046875,21.9041748046875,True,False,60-90,2
78,181,50.0,50.28166198730469,MLP_tabular_cfg_03,temporal_w30,50,181,231,30,0.2816619873046875,0.2816619873046875,False,False,30-60,2
78,211,20.0,20.224624633789062,MLP_tabular_cfg_03,temporal_w30,20,211,231,30,0.2246246337890625,0.2246246337890625,False,False,0-30,2
81,100,140.0,91.76981353759766,MLP_tabular_cfg_03,temporal_w30,140,100,240,30,-48.230186462402344,48.230186462402344,False,True,90+,2
81,130,110.0,77.43159484863281,MLP_tabular_cfg_03,temporal_w30,110,130,240,30,-32.56840515136719,32.56840515136719,False,True,90+,2
81,160,80.0,71.75820922851562,MLP_tabular_cfg_03,temporal_w30,80,160,240,30,-8.241790771484375,8.241790771484375,False,False,60-90,2
81,190,50.0,44.789737701416016,MLP_tabular_cfg_03,temporal_w30,50,190,240,30,-5.210262298583984,5.210262298583984,False,False,30-60,2
81,220,20.0,21.926807403564453,MLP_tabular_cfg_03,temporal_w30,20,220,240,30,1.9268074035644531,1.9268074035644531,False,False,0-30,2
84,127,140.0,97.04960632324219,MLP_tabular_cfg_03,temporal_w30,140,127,267,30,-42.95039367675781,42.95039367675781,False,True,90+,2
84,157,110.0,82.95046997070312,MLP_tabular_cfg_03,temporal_w30,110,157,267,30,-27.049530029296875,27.049530029296875,False,True,90+,2
84,187,80.0,66.89215087890625,MLP_tabular_cfg_03,temporal_w30,80,187,267,30,-13.10784912109375,13.10784912109375,False,False,60-90,2
84,217,50.0,44.0876350402832,MLP_tabular_cfg_03,temporal_w30,50,217,267,30,-5.912364959716797,5.912364959716797,False,False,30-60,2
84,247,20.0,31.133098602294922,MLP_tabular_cfg_03,temporal_w30,20,247,267,30,11.133098602294922,11.133098602294922,False,False,0-30,2
91,25,110.0,102.46778869628906,MLP_tabular_cfg_03,temporal_w30,110,25,135,25,-7.5322113037109375,7.5322113037109375,False,False,90+,2
91,55,80.0,104.4136962890625,MLP_tabular_cfg_03,temporal_w30,80,55,135,30,24.4136962890625,24.4136962890625,True,False,60-90,2
91,85,50.0,54.46435546875,MLP_tabular_cfg_03,temporal_w30,50,85,135,30,4.46435546875,4.46435546875,False,False,30-60,2
91,115,20.0,27.361957550048828,MLP_tabular_cfg_03,temporal_w30,20,115,135,30,7.361957550048828,7.361957550048828,False,False,0-30,2
1,52,140.0,126.31327056884766,MLP_tabular_cfg_03,temporal_w30,140,52,192,30,-13.686729431152344,13.686729431152344,False,False,90+,3
1,82,110.0,94.65911865234375,MLP_tabular_cfg_03,temporal_w30,110,82,192,30,-15.34088134765625,15.34088134765625,False,False,90+,3
1,112,80.0,89.44670867919922,MLP_tabular_cfg_03,temporal_w30,80,112,192,30,9.446708679199219,9.446708679199219,False,False,60-90,3
1,142,50.0,62.29182434082031,MLP_tabular_cfg_03,temporal_w30,50,142,192,30,12.291824340820312,12.291824340820312,False,False,30-60,3
1,172,20.0,26.64740753173828,MLP_tabular_cfg_03,temporal_w30,20,172,192,30,6.647407531738281,6.647407531738281,False,False,0-30,3
5,129,140.0,114.79679107666016,MLP_tabular_cfg_03,temporal_w30,140,129,269,30,-25.203208923339844,25.203208923339844,False,True,90+,3
5,159,110.0,93.57167053222656,MLP_tabular_cfg_03,temporal_w30,110,159,269,30,-16.428329467773438,16.428329467773438,False,False,90+,3
5,189,80.0,77.93592071533203,MLP_tabular_cfg_03,temporal_w30,80,189,269,30,-2.0640792846679688,2.0640792846679688,False,False,60-90,3
5,219,50.0,44.74260330200195,MLP_tabular_cfg_03,temporal_w30,50,219,269,30,-5.257396697998047,5.257396697998047,False,False,30-60,3
5,249,20.0,15.797834396362305,MLP_tabular_cfg_03,temporal_w30,20,249,269,30,-4.202165603637695,4.202165603637695,False,False,0-30,3
11,100,140.0,108.6956558227539,MLP_tabular_cfg_03,temporal_w30,140,100,240,30,-31.304344177246094,31.304344177246094,False,True,90+,3
11,130,110.0,100.86864471435547,MLP_tabular_cfg_03,temporal_w30,110,130,240,30,-9.131355285644531,9.131355285644531,False,False,90+,3
11,160,80.0,71.24724578857422,MLP_tabular_cfg_03,temporal_w30,80,160,240,30,-8.752754211425781,8.752754211425781,False,False,60-90,3
11,190,50.0,42.03492736816406,MLP_tabular_cfg_03,temporal_w30,50,190,240,30,-7.9650726318359375,7.9650726318359375,False,False,30-60,3
11,220,20.0,16.656017303466797,MLP_tabular_cfg_03,temporal_w30,20,220,240,30,-3.343982696533203,3.343982696533203,False,False,0-30,3
13,23,140.0,123.1644058227539,MLP_tabular_cfg_03,temporal_w30,140,23,163,23,-16.835594177246094,16.835594177246094,False,False,90+,3
13,53,110.0,115.65141296386719,MLP_tabular_cfg_03,temporal_w30,110,53,163,30,5.6514129638671875,5.6514129638671875,False,False,90+,3
13,83,80.0,105.6307373046875,MLP_tabular_cfg_03,temporal_w30,80,83,163,30,25.6307373046875,25.6307373046875,True,False,60-90,3
13,113,50.0,53.3428955078125,MLP_tabular_cfg_03,temporal_w30,50,113,163,30,3.3428955078125,3.3428955078125,False,False,30-60,3
13,143,20.0,25.536989212036133,MLP_tabular_cfg_03,temporal_w30,20,143,163,30,5.536989212036133,5.536989212036133,False,False,0-30,3
19,18,140.0,97.82232666015625,MLP_tabular_cfg_03,temporal_w30,140,18,158,18,-42.17767333984375,42.17767333984375,False,True,90+,3
19,48,110.0,81.8305435180664,MLP_tabular_cfg_03,temporal_w30,110,48,158,30,-28.169456481933594,28.169456481933594,False,True,90+,3
19,78,80.0,111.79236602783203,MLP_tabular_cfg_03,temporal_w30,80,78,158,30,31.79236602783203,31.79236602783203,True,False,60-90,3
19,108,50.0,70.51095581054688,MLP_tabular_cfg_03,temporal_w30,50,108,158,30,20.510955810546875,20.510955810546875,True,False,30-60,3
19,138,20.0,21.74740219116211,MLP_tabular_cfg_03,temporal_w30,20,138,158,30,1.7474021911621094,1.7474021911621094,False,False,0-30,3
23,28,140.0,119.49109649658203,MLP_tabular_cfg_03,temporal_w30,140,28,168,28,-20.50890350341797,20.50890350341797,False,True,90+,3
23,58,110.0,113.31645965576172,MLP_tabular_cfg_03,temporal_w30,110,58,168,30,3.3164596557617188,3.3164596557617188,False,False,90+,3
23,88,80.0,97.16695404052734,MLP_tabular_cfg_03,temporal_w30,80,88,168,30,17.166954040527344,17.166954040527344,False,False,60-90,3
23,118,50.0,56.937198638916016,MLP_tabular_cfg_03,temporal_w30,50,118,168,30,6.937198638916016,6.937198638916016,False,False,30-60,3
23,148,20.0,26.730594635009766,MLP_tabular_cfg_03,temporal_w30,20,148,168,30,6.730594635009766,6.730594635009766,False,False,0-30,3
31,94,140.0,107.38944244384766,MLP_tabular_cfg_03,temporal_w30,140,94,234,30,-32.610557556152344,32.610557556152344,False,True,90+,3
31,124,110.0,119.03353118896484,MLP_tabular_cfg_03,temporal_w30,110,124,234,30,9.033531188964844,9.033531188964844,False,False,90+,3
31,154,80.0,100.33306121826172,MLP_tabular_cfg_03,temporal_w30,80,154,234,30,20.33306121826172,20.33306121826172,True,False,60-90,3
31,184,50.0,65.36709594726562,MLP_tabular_cfg_03,temporal_w30,50,184,234,30,15.367095947265625,15.367095947265625,False,False,30-60,3
31,214,20.0,15.079160690307617,MLP_tabular_cfg_03,temporal_w30,20,214,234,30,-4.920839309692383,4.920839309692383,False,False,0-30,3
32,51,140.0,118.1214599609375,MLP_tabular_cfg_03,temporal_w30,140,51,191,30,-21.8785400390625,21.8785400390625,False,True,90+,3
32,81,110.0,95.67249298095703,MLP_tabular_cfg_03,temporal_w30,110,81,191,30,-14.327507019042969,14.327507019042969,False,False,90+,3
32,111,80.0,81.18515014648438,MLP_tabular_cfg_03,temporal_w30,80,111,191,30,1.185150146484375,1.185150146484375,False,False,60-90,3
32,141,50.0,51.28189468383789,MLP_tabular_cfg_03,temporal_w30,50,141,191,30,1.2818946838378906,1.2818946838378906,False,False,30-60,3
32,171,20.0,23.08152198791504,MLP_tabular_cfg_03,temporal_w30,20,171,191,30,3.081521987915039,3.081521987915039,False,False,0-30,3
34,55,140.0,89.22322845458984,MLP_tabular_cfg_03,temporal_w30,140,55,195,30,-50.776771545410156,50.776771545410156,False,True,90+,3
34,85,110.0,80.12068176269531,MLP_tabular_cfg_03,temporal_w30,110,85,195,30,-29.879318237304688,29.879318237304688,False,True,90+,3
34,115,80.0,77.21770477294922,MLP_tabular_cfg_03,temporal_w30,80,115,195,30,-2.7822952270507812,2.7822952270507812,False,False,60-90,3
34,145,50.0,49.24955368041992,MLP_tabular_cfg_03,temporal_w30,50,145,195,30,-0.7504463195800781,0.7504463195800781,False,False,30-60,3
34,175,20.0,25.11151123046875,MLP_tabular_cfg_03,temporal_w30,20,175,195,30,5.11151123046875,5.11151123046875,False,False,0-30,3
40,48,140.0,88.3903579711914,MLP_tabular_cfg_03,temporal_w30,140,48,188,30,-51.609642028808594,51.609642028808594,False,True,90+,3
40,78,110.0,101.3635025024414,MLP_tabular_cfg_03,temporal_w30,110,78,188,30,-8.636497497558594,8.636497497558594,False,False,90+,3
40,108,80.0,85.6808090209961,MLP_tabular_cfg_03,temporal_w30,80,108,188,30,5.680809020996094,5.680809020996094,False,False,60-90,3
40,138,50.0,45.13720703125,MLP_tabular_cfg_03,temporal_w30,50,138,188,30,-4.86279296875,4.86279296875,False,False,30-60,3
40,168,20.0,19.010040283203125,MLP_tabular_cfg_03,temporal_w30,20,168,188,30,-0.989959716796875,0.989959716796875,False,False,0-30,3
45,18,140.0,122.91558074951172,MLP_tabular_cfg_03,temporal_w30,140,18,158,18,-17.08441925048828,17.08441925048828,False,False,90+,3
45,48,110.0,109.16912078857422,MLP_tabular_cfg_03,temporal_w30,110,48,158,30,-0.8308792114257812,0.8308792114257812,False,False,90+,3
45,78,80.0,110.75911712646484,MLP_tabular_cfg_03,temporal_w30,80,78,158,30,30.759117126464844,30.759117126464844,True,False,60-90,3
45,108,50.0,56.32680892944336,MLP_tabular_cfg_03,temporal_w30,50,108,158,30,6.326808929443359,6.326808929443359,False,False,30-60,3
45,138,20.0,30.886703491210938,MLP_tabular_cfg_03,temporal_w30,20,138,158,30,10.886703491210938,10.886703491210938,False,False,0-30,3
46,116,140.0,110.21501922607422,MLP_tabular_cfg_03,temporal_w30,140,116,256,30,-29.78498077392578,29.78498077392578,False,True,90+,3
46,146,110.0,122.2154541015625,MLP_tabular_cfg_03,temporal_w30,110,146,256,30,12.2154541015625,12.2154541015625,False,False,90+,3
46,176,80.0,90.88787078857422,MLP_tabular_cfg_03,temporal_w30,80,176,256,30,10.887870788574219,10.887870788574219,False,False,60-90,3
46,206,50.0,48.92353820800781,MLP_tabular_cfg_03,temporal_w30,50,206,256,30,-1.0764617919921875,1.0764617919921875,False,False,30-60,3
46,236,20.0,13.831270217895508,MLP_tabular_cfg_03,temporal_w30,20,236,256,30,-6.168729782104492,6.168729782104492,False,False,0-30,3
54,117,140.0,124.60137176513672,MLP_tabular_cfg_03,temporal_w30,140,117,257,30,-15.398628234863281,15.398628234863281,False,False,90+,3
54,147,110.0,111.12014770507812,MLP_tabular_cfg_03,temporal_w30,110,147,257,30,1.120147705078125,1.120147705078125,False,False,90+,3
54,177,80.0,76.91707611083984,MLP_tabular_cfg_03,temporal_w30,80,177,257,30,-3.0829238891601562,3.0829238891601562,False,False,60-90,3
54,207,50.0,43.50661849975586,MLP_tabular_cfg_03,temporal_w30,50,207,257,30,-6.493381500244141,6.493381500244141,False,False,30-60,3
54,237,20.0,18.326557159423828,MLP_tabular_cfg_03,temporal_w30,20,237,257,30,-1.6734428405761719,1.6734428405761719,False,False,0-30,3
71,68,140.0,119.85216522216797,MLP_tabular_cfg_03,temporal_w30,140,68,208,30,-20.14783477783203,20.14783477783203,False,True,90+,3
71,98,110.0,120.74542999267578,MLP_tabular_cfg_03,temporal_w30,110,98,208,30,10.745429992675781,10.745429992675781,False,False,90+,3
71,128,80.0,66.20175170898438,MLP_tabular_cfg_03,temporal_w30,80,128,208,30,-13.798248291015625,13.798248291015625,False,False,60-90,3
71,158,50.0,53.109283447265625,MLP_tabular_cfg_03,temporal_w30,50,158,208,30,3.109283447265625,3.109283447265625,False,False,30-60,3
71,188,20.0,20.97102165222168,MLP_tabular_cfg_03,temporal_w30,20,188,208,30,0.9710216522216797,0.9710216522216797,False,False,0-30,3
74,26,140.0,99.4788818359375,MLP_tabular_cfg_03,temporal_w30,140,26,166,26,-40.5211181640625,40.5211181640625,False,True,90+,3
74,56,110.0,113.43587493896484,MLP_tabular_cfg_03,temporal_w30,110,56,166,30,3.4358749389648438,3.4358749389648438,False,False,90+,3
74,86,80.0,108.11283111572266,MLP_tabular_cfg_03,temporal_w30,80,86,166,30,28.112831115722656,28.112831115722656,True,False,60-90,3
74,116,50.0,78.8537368774414,MLP_tabular_cfg_03,temporal_w30,50,116,166,30,28.853736877441406,28.853736877441406,True,False,30-60,3
74,146,20.0,22.652925491333008,MLP_tabular_cfg_03,temporal_w30,20,146,166,30,2.652925491333008,2.652925491333008,False,False,0-30,3
77,14,140.0,118.48779296875,MLP_tabular_cfg_03,temporal_w30,140,14,154,14,-21.51220703125,21.51220703125,False,True,90+,3
77,44,110.0,112.0426025390625,MLP_tabular_cfg_03,temporal_w30,110,44,154,30,2.0426025390625,2.0426025390625,False,False,90+,3
77,74,80.0,104.47931671142578,MLP_tabular_cfg_03,temporal_w30,80,74,154,30,24.47931671142578,24.47931671142578,True,False,60-90,3
77,104,50.0,86.38177490234375,MLP_tabular_cfg_03,temporal_w30,50,104,154,30,36.38177490234375,36.38177490234375,True,False,30-60,3
77,134,20.0,29.26301383972168,MLP_tabular_cfg_03,temporal_w30,20,134,154,30,9.26301383972168,9.26301383972168,False,False,0-30,3
78,91,140.0,121.14301300048828,MLP_tabular_cfg_03,temporal_w30,140,91,231,30,-18.85698699951172,18.85698699951172,False,False,90+,3
78,121,110.0,111.23404693603516,MLP_tabular_cfg_03,temporal_w30,110,121,231,30,1.2340469360351562,1.2340469360351562,False,False,90+,3
78,151,80.0,107.25863647460938,MLP_tabular_cfg_03,temporal_w30,80,151,231,30,27.258636474609375,27.258636474609375,True,False,60-90,3
78,181,50.0,50.562355041503906,MLP_tabular_cfg_03,temporal_w30,50,181,231,30,0.5623550415039062,0.5623550415039062,False,False,30-60,3
78,211,20.0,19.881101608276367,MLP_tabular_cfg_03,temporal_w30,20,211,231,30,-0.11889839172363281,0.11889839172363281,False,False,0-30,3
81,100,140.0,89.67506408691406,MLP_tabular_cfg_03,temporal_w30,140,100,240,30,-50.32493591308594,50.32493591308594,False,True,90+,3
81,130,110.0,85.08934783935547,MLP_tabular_cfg_03,temporal_w30,110,130,240,30,-24.91065216064453,24.91065216064453,False,True,90+,3
81,160,80.0,72.98233795166016,MLP_tabular_cfg_03,temporal_w30,80,160,240,30,-7.017662048339844,7.017662048339844,False,False,60-90,3
81,190,50.0,51.00071334838867,MLP_tabular_cfg_03,temporal_w30,50,190,240,30,1.0007133483886719,1.0007133483886719,False,False,30-60,3
81,220,20.0,18.83172035217285,MLP_tabular_cfg_03,temporal_w30,20,220,240,30,-1.1682796478271484,1.1682796478271484,False,False,0-30,3
84,127,140.0,109.7498550415039,MLP_tabular_cfg_03,temporal_w30,140,127,267,30,-30.250144958496094,30.250144958496094,False,True,90+,3
84,157,110.0,106.9370346069336,MLP_tabular_cfg_03,temporal_w30,110,157,267,30,-3.0629653930664062,3.0629653930664062,False,False,90+,3
84,187,80.0,87.80059814453125,MLP_tabular_cfg_03,temporal_w30,80,187,267,30,7.80059814453125,7.80059814453125,False,False,60-90,3
84,217,50.0,42.43192672729492,MLP_tabular_cfg_03,temporal_w30,50,217,267,30,-7.568073272705078,7.568073272705078,False,False,30-60,3
84,247,20.0,33.00409698486328,MLP_tabular_cfg_03,temporal_w30,20,247,267,30,13.004096984863281,13.004096984863281,False,False,0-30,3
91,25,110.0,120.77393341064453,MLP_tabular_cfg_03,temporal_w30,110,25,135,25,10.773933410644531,10.773933410644531,False,False,90+,3
91,55,80.0,89.49543762207031,MLP_tabular_cfg_03,temporal_w30,80,55,135,30,9.495437622070312,9.495437622070312,False,False,60-90,3
91,85,50.0,70.52052307128906,MLP_tabular_cfg_03,temporal_w30,50,85,135,30,20.520523071289062,20.520523071289062,True,False,30-60,3
91,115,20.0,29.92197036743164,MLP_tabular_cfg_03,temporal_w30,20,115,135,30,9.92197036743164,9.92197036743164,False,False,0-30,3
1,52,140.0,118.4058837890625,MLP_tabular_cfg_03,temporal_w30,140,52,192,30,-21.5941162109375,21.5941162109375,False,True,90+,4
1,82,110.0,119.17335510253906,MLP_tabular_cfg_03,temporal_w30,110,82,192,30,9.173355102539062,9.173355102539062,False,False,90+,4
1,112,80.0,111.78992462158203,MLP_tabular_cfg_03,temporal_w30,80,112,192,30,31.78992462158203,31.78992462158203,True,False,60-90,4
1,142,50.0,71.328857421875,MLP_tabular_cfg_03,temporal_w30,50,142,192,30,21.328857421875,21.328857421875,True,False,30-60,4
1,172,20.0,25.072460174560547,MLP_tabular_cfg_03,temporal_w30,20,172,192,30,5.072460174560547,5.072460174560547,False,False,0-30,4
5,129,140.0,114.61898040771484,MLP_tabular_cfg_03,temporal_w30,140,129,269,30,-25.381019592285156,25.381019592285156,False,True,90+,4
5,159,110.0,96.4168701171875,MLP_tabular_cfg_03,temporal_w30,110,159,269,30,-13.5831298828125,13.5831298828125,False,False,90+,4
5,189,80.0,79.06073760986328,MLP_tabular_cfg_03,temporal_w30,80,189,269,30,-0.9392623901367188,0.9392623901367188,False,False,60-90,4
5,219,50.0,46.8527946472168,MLP_tabular_cfg_03,temporal_w30,50,219,269,30,-3.147205352783203,3.147205352783203,False,False,30-60,4
5,249,20.0,17.073345184326172,MLP_tabular_cfg_03,temporal_w30,20,249,269,30,-2.926654815673828,2.926654815673828,False,False,0-30,4
11,100,140.0,118.94345092773438,MLP_tabular_cfg_03,temporal_w30,140,100,240,30,-21.056549072265625,21.056549072265625,False,True,90+,4
11,130,110.0,85.46610260009766,MLP_tabular_cfg_03,temporal_w30,110,130,240,30,-24.533897399902344,24.533897399902344,False,True,90+,4
11,160,80.0,76.13863372802734,MLP_tabular_cfg_03,temporal_w30,80,160,240,30,-3.8613662719726562,3.8613662719726562,False,False,60-90,4
11,190,50.0,54.2247200012207,MLP_tabular_cfg_03,temporal_w30,50,190,240,30,4.224720001220703,4.224720001220703,False,False,30-60,4
11,220,20.0,16.36581802368164,MLP_tabular_cfg_03,temporal_w30,20,220,240,30,-3.6341819763183594,3.6341819763183594,False,False,0-30,4
13,23,140.0,119.58929443359375,MLP_tabular_cfg_03,temporal_w30,140,23,163,23,-20.41070556640625,20.41070556640625,False,True,90+,4
13,53,110.0,120.43380737304688,MLP_tabular_cfg_03,temporal_w30,110,53,163,30,10.433807373046875,10.433807373046875,False,False,90+,4
13,83,80.0,86.6622543334961,MLP_tabular_cfg_03,temporal_w30,80,83,163,30,6.662254333496094,6.662254333496094,False,False,60-90,4
13,113,50.0,54.572750091552734,MLP_tabular_cfg_03,temporal_w30,50,113,163,30,4.572750091552734,4.572750091552734,False,False,30-60,4
13,143,20.0,23.361812591552734,MLP_tabular_cfg_03,temporal_w30,20,143,163,30,3.3618125915527344,3.3618125915527344,False,False,0-30,4
19,18,140.0,116.70293426513672,MLP_tabular_cfg_03,temporal_w30,140,18,158,18,-23.29706573486328,23.29706573486328,False,True,90+,4
19,48,110.0,89.81305694580078,MLP_tabular_cfg_03,temporal_w30,110,48,158,30,-20.18694305419922,20.18694305419922,False,True,90+,4
19,78,80.0,110.82154846191406,MLP_tabular_cfg_03,temporal_w30,80,78,158,30,30.821548461914062,30.821548461914062,True,False,60-90,4
19,108,50.0,66.6588363647461,MLP_tabular_cfg_03,temporal_w30,50,108,158,30,16.658836364746094,16.658836364746094,False,False,30-60,4
19,138,20.0,23.929058074951172,MLP_tabular_cfg_03,temporal_w30,20,138,158,30,3.929058074951172,3.929058074951172,False,False,0-30,4
23,28,140.0,116.82958221435547,MLP_tabular_cfg_03,temporal_w30,140,28,168,28,-23.17041778564453,23.17041778564453,False,True,90+,4
23,58,110.0,113.19762420654297,MLP_tabular_cfg_03,temporal_w30,110,58,168,30,3.1976242065429688,3.1976242065429688,False,False,90+,4
23,88,80.0,115.3812484741211,MLP_tabular_cfg_03,temporal_w30,80,88,168,30,35.381248474121094,35.381248474121094,True,False,60-90,4
23,118,50.0,65.02903747558594,MLP_tabular_cfg_03,temporal_w30,50,118,168,30,15.029037475585938,15.029037475585938,False,False,30-60,4
23,148,20.0,25.898239135742188,MLP_tabular_cfg_03,temporal_w30,20,148,168,30,5.8982391357421875,5.8982391357421875,False,False,0-30,4
31,94,140.0,111.22124481201172,MLP_tabular_cfg_03,temporal_w30,140,94,234,30,-28.77875518798828,28.77875518798828,False,True,90+,4
31,124,110.0,116.33729553222656,MLP_tabular_cfg_03,temporal_w30,110,124,234,30,6.3372955322265625,6.3372955322265625,False,False,90+,4
31,154,80.0,106.64948272705078,MLP_tabular_cfg_03,temporal_w30,80,154,234,30,26.64948272705078,26.64948272705078,True,False,60-90,4
31,184,50.0,59.63457107543945,MLP_tabular_cfg_03,temporal_w30,50,184,234,30,9.634571075439453,9.634571075439453,False,False,30-60,4
31,214,20.0,15.927896499633789,MLP_tabular_cfg_03,temporal_w30,20,214,234,30,-4.072103500366211,4.072103500366211,False,False,0-30,4
32,51,140.0,111.61211395263672,MLP_tabular_cfg_03,temporal_w30,140,51,191,30,-28.38788604736328,28.38788604736328,False,True,90+,4
32,81,110.0,91.22726440429688,MLP_tabular_cfg_03,temporal_w30,110,81,191,30,-18.772735595703125,18.772735595703125,False,False,90+,4
32,111,80.0,69.1528091430664,MLP_tabular_cfg_03,temporal_w30,80,111,191,30,-10.847190856933594,10.847190856933594,False,False,60-90,4
32,141,50.0,48.31839370727539,MLP_tabular_cfg_03,temporal_w30,50,141,191,30,-1.6816062927246094,1.6816062927246094,False,False,30-60,4
32,171,20.0,21.01020050048828,MLP_tabular_cfg_03,temporal_w30,20,171,191,30,1.0102005004882812,1.0102005004882812,False,False,0-30,4
34,55,140.0,96.6659164428711,MLP_tabular_cfg_03,temporal_w30,140,55,195,30,-43.334083557128906,43.334083557128906,False,True,90+,4
34,85,110.0,100.20833587646484,MLP_tabular_cfg_03,temporal_w30,110,85,195,30,-9.791664123535156,9.791664123535156,False,False,90+,4
34,115,80.0,80.75886535644531,MLP_tabular_cfg_03,temporal_w30,80,115,195,30,0.7588653564453125,0.7588653564453125,False,False,60-90,4
34,145,50.0,48.794761657714844,MLP_tabular_cfg_03,temporal_w30,50,145,195,30,-1.2052383422851562,1.2052383422851562,False,False,30-60,4
34,175,20.0,23.307388305664062,MLP_tabular_cfg_03,temporal_w30,20,175,195,30,3.3073883056640625,3.3073883056640625,False,False,0-30,4
40,48,140.0,108.00448608398438,MLP_tabular_cfg_03,temporal_w30,140,48,188,30,-31.995513916015625,31.995513916015625,False,True,90+,4
40,78,110.0,94.80986785888672,MLP_tabular_cfg_03,temporal_w30,110,78,188,30,-15.190132141113281,15.190132141113281,False,False,90+,4
40,108,80.0,63.67787170410156,MLP_tabular_cfg_03,temporal_w30,80,108,188,30,-16.322128295898438,16.322128295898438,False,False,60-90,4
40,138,50.0,54.7972412109375,MLP_tabular_cfg_03,temporal_w30,50,138,188,30,4.7972412109375,4.7972412109375,False,False,30-60,4
40,168,20.0,18.174415588378906,MLP_tabular_cfg_03,temporal_w30,20,168,188,30,-1.8255844116210938,1.8255844116210938,False,False,0-30,4
45,18,140.0,123.67438507080078,MLP_tabular_cfg_03,temporal_w30,140,18,158,18,-16.32561492919922,16.32561492919922,False,False,90+,4
45,48,110.0,109.16633605957031,MLP_tabular_cfg_03,temporal_w30,110,48,158,30,-0.8336639404296875,0.8336639404296875,False,False,90+,4
45,78,80.0,126.44696807861328,MLP_tabular_cfg_03,temporal_w30,80,78,158,30,46.44696807861328,46.44696807861328,True,False,60-90,4
45,108,50.0,53.183414459228516,MLP_tabular_cfg_03,temporal_w30,50,108,158,30,3.1834144592285156,3.1834144592285156,False,False,30-60,4
45,138,20.0,30.345706939697266,MLP_tabular_cfg_03,temporal_w30,20,138,158,30,10.345706939697266,10.345706939697266,False,False,0-30,4
46,116,140.0,115.99506378173828,MLP_tabular_cfg_03,temporal_w30,140,116,256,30,-24.00493621826172,24.00493621826172,False,True,90+,4
46,146,110.0,118.62274169921875,MLP_tabular_cfg_03,temporal_w30,110,146,256,30,8.62274169921875,8.62274169921875,False,False,90+,4
46,176,80.0,101.58480072021484,MLP_tabular_cfg_03,temporal_w30,80,176,256,30,21.584800720214844,21.584800720214844,True,False,60-90,4
46,206,50.0,42.396549224853516,MLP_tabular_cfg_03,temporal_w30,50,206,256,30,-7.603450775146484,7.603450775146484,False,False,30-60,4
46,236,20.0,16.382274627685547,MLP_tabular_cfg_03,temporal_w30,20,236,256,30,-3.617725372314453,3.617725372314453,False,False,0-30,4
54,117,140.0,119.96135711669922,MLP_tabular_cfg_03,temporal_w30,140,117,257,30,-20.03864288330078,20.03864288330078,False,True,90+,4
54,147,110.0,90.47295379638672,MLP_tabular_cfg_03,temporal_w30,110,147,257,30,-19.52704620361328,19.52704620361328,False,False,90+,4
54,177,80.0,76.66378784179688,MLP_tabular_cfg_03,temporal_w30,80,177,257,30,-3.336212158203125,3.336212158203125,False,False,60-90,4
54,207,50.0,42.66182327270508,MLP_tabular_cfg_03,temporal_w30,50,207,257,30,-7.338176727294922,7.338176727294922,False,False,30-60,4
54,237,20.0,20.31682586669922,MLP_tabular_cfg_03,temporal_w30,20,237,257,30,0.31682586669921875,0.31682586669921875,False,False,0-30,4
71,68,140.0,120.68473052978516,MLP_tabular_cfg_03,temporal_w30,140,68,208,30,-19.315269470214844,19.315269470214844,False,False,90+,4
71,98,110.0,109.21471405029297,MLP_tabular_cfg_03,temporal_w30,110,98,208,30,-0.7852859497070312,0.7852859497070312,False,False,90+,4
71,128,80.0,78.51583099365234,MLP_tabular_cfg_03,temporal_w30,80,128,208,30,-1.4841690063476562,1.4841690063476562,False,False,60-90,4
71,158,50.0,59.32244110107422,MLP_tabular_cfg_03,temporal_w30,50,158,208,30,9.322441101074219,9.322441101074219,False,False,30-60,4
71,188,20.0,20.634225845336914,MLP_tabular_cfg_03,temporal_w30,20,188,208,30,0.6342258453369141,0.6342258453369141,False,False,0-30,4
74,26,140.0,99.91692352294922,MLP_tabular_cfg_03,temporal_w30,140,26,166,26,-40.08307647705078,40.08307647705078,False,True,90+,4
74,56,110.0,112.363037109375,MLP_tabular_cfg_03,temporal_w30,110,56,166,30,2.363037109375,2.363037109375,False,False,90+,4
74,86,80.0,113.40277862548828,MLP_tabular_cfg_03,temporal_w30,80,86,166,30,33.40277862548828,33.40277862548828,True,False,60-90,4
74,116,50.0,70.98514556884766,MLP_tabular_cfg_03,temporal_w30,50,116,166,30,20.985145568847656,20.985145568847656,True,False,30-60,4
74,146,20.0,24.50141143798828,MLP_tabular_cfg_03,temporal_w30,20,146,166,30,4.501411437988281,4.501411437988281,False,False,0-30,4
77,14,140.0,121.48763275146484,MLP_tabular_cfg_03,temporal_w30,140,14,154,14,-18.512367248535156,18.512367248535156,False,False,90+,4
77,44,110.0,124.3243179321289,MLP_tabular_cfg_03,temporal_w30,110,44,154,30,14.324317932128906,14.324317932128906,False,False,90+,4
77,74,80.0,109.49413299560547,MLP_tabular_cfg_03,temporal_w30,80,74,154,30,29.49413299560547,29.49413299560547,True,False,60-90,4
77,104,50.0,91.7354736328125,MLP_tabular_cfg_03,temporal_w30,50,104,154,30,41.7354736328125,41.7354736328125,True,False,30-60,4
77,134,20.0,29.083969116210938,MLP_tabular_cfg_03,temporal_w30,20,134,154,30,9.083969116210938,9.083969116210938,False,False,0-30,4
78,91,140.0,124.73584747314453,MLP_tabular_cfg_03,temporal_w30,140,91,231,30,-15.264152526855469,15.264152526855469,False,False,90+,4
78,121,110.0,122.07344818115234,MLP_tabular_cfg_03,temporal_w30,110,121,231,30,12.073448181152344,12.073448181152344,False,False,90+,4
78,151,80.0,104.56156921386719,MLP_tabular_cfg_03,temporal_w30,80,151,231,30,24.561569213867188,24.561569213867188,True,False,60-90,4
78,181,50.0,54.94739532470703,MLP_tabular_cfg_03,temporal_w30,50,181,231,30,4.947395324707031,4.947395324707031,False,False,30-60,4
78,211,20.0,17.155298233032227,MLP_tabular_cfg_03,temporal_w30,20,211,231,30,-2.8447017669677734,2.8447017669677734,False,False,0-30,4
81,100,140.0,107.69738006591797,MLP_tabular_cfg_03,temporal_w30,140,100,240,30,-32.30261993408203,32.30261993408203,False,True,90+,4
81,130,110.0,93.47823333740234,MLP_tabular_cfg_03,temporal_w30,110,130,240,30,-16.521766662597656,16.521766662597656,False,False,90+,4
81,160,80.0,75.40819549560547,MLP_tabular_cfg_03,temporal_w30,80,160,240,30,-4.591804504394531,4.591804504394531,False,False,60-90,4
81,190,50.0,43.4083366394043,MLP_tabular_cfg_03,temporal_w30,50,190,240,30,-6.591663360595703,6.591663360595703,False,False,30-60,4
81,220,20.0,17.50629425048828,MLP_tabular_cfg_03,temporal_w30,20,220,240,30,-2.4937057495117188,2.4937057495117188,False,False,0-30,4
84,127,140.0,100.2652816772461,MLP_tabular_cfg_03,temporal_w30,140,127,267,30,-39.734718322753906,39.734718322753906,False,True,90+,4
84,157,110.0,88.98818969726562,MLP_tabular_cfg_03,temporal_w30,110,157,267,30,-21.011810302734375,21.011810302734375,False,True,90+,4
84,187,80.0,86.84215545654297,MLP_tabular_cfg_03,temporal_w30,80,187,267,30,6.842155456542969,6.842155456542969,False,False,60-90,4
84,217,50.0,52.54654312133789,MLP_tabular_cfg_03,temporal_w30,50,217,267,30,2.5465431213378906,2.5465431213378906,False,False,30-60,4
84,247,20.0,24.868412017822266,MLP_tabular_cfg_03,temporal_w30,20,247,267,30,4.868412017822266,4.868412017822266,False,False,0-30,4
91,25,110.0,112.11486053466797,MLP_tabular_cfg_03,temporal_w30,110,25,135,25,2.1148605346679688,2.1148605346679688,False,False,90+,4
91,55,80.0,104.58319091796875,MLP_tabular_cfg_03,temporal_w30,80,55,135,30,24.58319091796875,24.58319091796875,True,False,60-90,4
91,85,50.0,57.87924575805664,MLP_tabular_cfg_03,temporal_w30,50,85,135,30,7.879245758056641,7.879245758056641,False,False,30-60,4
91,115,20.0,28.646808624267578,MLP_tabular_cfg_03,temporal_w30,20,115,135,30,8.646808624267578,8.646808624267578,False,False,0-30,4
