unit,cycle,y_true_rul_raw,y_pred_rul,model_name,representation,cut_rul,cut_cycle,max_cycle,window_size_used,error,abs_error,dangerous_error,conservative_error,rul_bin,sample_weight_scheme
1,52,140.0,120.21299115867954,LGBMRegressor,temporal_w50,140,52,192,50,-19.787008841320457,19.787008841320457,False,False,90+,none
1,82,110.0,112.32238882522215,LGBMRegressor,temporal_w50,110,82,192,50,2.3223888252221485,2.3223888252221485,False,False,90+,none
1,112,80.0,99.75969464996855,LGBMRegressor,temporal_w50,80,112,192,50,19.75969464996855,19.75969464996855,False,False,60-90,none
1,142,50.0,55.39790088508518,LGBMRegressor,temporal_w50,50,142,192,50,5.397900885085178,5.397900885085178,False,False,30-60,none
1,172,20.0,20.179078482723344,LGBMRegressor,temporal_w50,20,172,192,50,0.17907848272334448,0.17907848272334448,False,False,0-30,none
5,129,140.0,117.75143195497326,LGBMRegressor,temporal_w50,140,129,269,50,-22.248568045026744,22.248568045026744,False,True,90+,none
5,159,110.0,96.48701609285729,LGBMRegressor,temporal_w50,110,159,269,50,-13.512983907142711,13.512983907142711,False,False,90+,none
5,189,80.0,67.89467042413848,LGBMRegressor,temporal_w50,80,189,269,50,-12.105329575861518,12.105329575861518,False,False,60-90,none
5,219,50.0,41.344635461600696,LGBMRegressor,temporal_w50,50,219,269,50,-8.655364538399304,8.655364538399304,False,False,30-60,none
5,249,20.0,13.086961744993262,LGBMRegressor,temporal_w50,20,249,269,50,-6.913038255006738,6.913038255006738,False,False,0-30,none
11,100,140.0,118.94877738680734,LGBMRegressor,temporal_w50,140,100,240,50,-21.051222613192664,21.051222613192664,False,True,90+,none
11,130,110.0,106.8856078454743,LGBMRegressor,temporal_w50,110,130,240,50,-3.114392154525703,3.114392154525703,False,False,90+,none
11,160,80.0,60.074717673199174,LGBMRegressor,temporal_w50,80,160,240,50,-19.925282326800826,19.925282326800826,False,False,60-90,none
11,190,50.0,48.989087816315845,LGBMRegressor,temporal_w50,50,190,240,50,-1.0109121836841553,1.0109121836841553,False,False,30-60,none
11,220,20.0,17.105840517005376,LGBMRegressor,temporal_w50,20,220,240,50,-2.894159482994624,2.894159482994624,False,False,0-30,none
13,23,140.0,121.20070626607706,LGBMRegressor,temporal_w50,140,23,163,23,-18.799293733922937,18.799293733922937,False,False,90+,none
13,53,110.0,116.73826626495433,LGBMRegressor,temporal_w50,110,53,163,50,6.7382662649543335,6.7382662649543335,False,False,90+,none
13,83,80.0,102.31728680555092,LGBMRegressor,temporal_w50,80,83,163,50,22.31728680555092,22.31728680555092,True,False,60-90,none
13,113,50.0,59.158182378621646,LGBMRegressor,temporal_w50,50,113,163,50,9.158182378621646,9.158182378621646,False,False,30-60,none
13,143,20.0,26.57552358261381,LGBMRegressor,temporal_w50,20,143,163,50,6.575523582613808,6.575523582613808,False,False,0-30,none
19,18,140.0,110.24337089552456,LGBMRegressor,temporal_w50,140,18,158,18,-29.756629104475437,29.756629104475437,False,True,90+,none
19,48,110.0,110.93000657862696,LGBMRegressor,temporal_w50,110,48,158,48,0.9300065786269585,0.9300065786269585,False,False,90+,none
19,78,80.0,103.90521541232192,LGBMRegressor,temporal_w50,80,78,158,50,23.905215412321922,23.905215412321922,True,False,60-90,none
19,108,50.0,58.37435665994296,LGBMRegressor,temporal_w50,50,108,158,50,8.374356659942961,8.374356659942961,False,False,30-60,none
19,138,20.0,25.088209741961986,LGBMRegressor,temporal_w50,20,138,158,50,5.088209741961986,5.088209741961986,False,False,0-30,none
23,28,140.0,124.7881295296779,LGBMRegressor,temporal_w50,140,28,168,28,-15.211870470322097,15.211870470322097,False,False,90+,none
23,58,110.0,114.05500034025687,LGBMRegressor,temporal_w50,110,58,168,50,4.055000340256868,4.055000340256868,False,False,90+,none
23,88,80.0,99.74075905984246,LGBMRegressor,temporal_w50,80,88,168,50,19.74075905984246,19.74075905984246,False,False,60-90,none
23,118,50.0,67.5326730372394,LGBMRegressor,temporal_w50,50,118,168,50,17.532673037239405,17.532673037239405,False,False,30-60,none
23,148,20.0,24.32334997923679,LGBMRegressor,temporal_w50,20,148,168,50,4.3233499792367915,4.3233499792367915,False,False,0-30,none
31,94,140.0,109.61503015420655,LGBMRegressor,temporal_w50,140,94,234,50,-30.38496984579345,30.38496984579345,False,True,90+,none
31,124,110.0,118.35599862781241,LGBMRegressor,temporal_w50,110,124,234,50,8.355998627812411,8.355998627812411,False,False,90+,none
31,154,80.0,89.37354814731012,LGBMRegressor,temporal_w50,80,154,234,50,9.373548147310117,9.373548147310117,False,False,60-90,none
31,184,50.0,56.7084735244423,LGBMRegressor,temporal_w50,50,184,234,50,6.708473524442297,6.708473524442297,False,False,30-60,none
31,214,20.0,12.888226634036007,LGBMRegressor,temporal_w50,20,214,234,50,-7.111773365963993,7.111773365963993,False,False,0-30,none
32,51,140.0,117.45280291526116,LGBMRegressor,temporal_w50,140,51,191,50,-22.54719708473884,22.54719708473884,False,True,90+,none
32,81,110.0,113.39482776240953,LGBMRegressor,temporal_w50,110,81,191,50,3.394827762409534,3.394827762409534,False,False,90+,none
32,111,80.0,81.31915545816555,LGBMRegressor,temporal_w50,80,111,191,50,1.3191554581655538,1.3191554581655538,False,False,60-90,none
32,141,50.0,47.411949137702116,LGBMRegressor,temporal_w50,50,141,191,50,-2.5880508622978837,2.5880508622978837,False,False,30-60,none
32,171,20.0,20.009063097779393,LGBMRegressor,temporal_w50,20,171,191,50,0.009063097779392848,0.009063097779392848,False,False,0-30,none
34,55,140.0,117.92567172948453,LGBMRegressor,temporal_w50,140,55,195,50,-22.074328270515466,22.074328270515466,False,True,90+,none
34,85,110.0,104.39825852964931,LGBMRegressor,temporal_w50,110,85,195,50,-5.601741470350689,5.601741470350689,False,False,90+,none
34,115,80.0,92.14756099267218,LGBMRegressor,temporal_w50,80,115,195,50,12.147560992672183,12.147560992672183,False,False,60-90,none
34,145,50.0,50.1947661276197,LGBMRegressor,temporal_w50,50,145,195,50,0.19476612761970102,0.19476612761970102,False,False,30-60,none
34,175,20.0,20.601044150975,LGBMRegressor,temporal_w50,20,175,195,50,0.6010441509749995,0.6010441509749995,False,False,0-30,none
40,48,140.0,120.43934689955874,LGBMRegressor,temporal_w50,140,48,188,48,-19.560653100441257,19.560653100441257,False,False,90+,none
40,78,110.0,122.36046004075098,LGBMRegressor,temporal_w50,110,78,188,50,12.36046004075098,12.36046004075098,False,False,90+,none
40,108,80.0,71.61457715417042,LGBMRegressor,temporal_w50,80,108,188,50,-8.38542284582958,8.38542284582958,False,False,60-90,none
40,138,50.0,56.35862038921596,LGBMRegressor,temporal_w50,50,138,188,50,6.358620389215957,6.358620389215957,False,False,30-60,none
40,168,20.0,26.734563082266835,LGBMRegressor,temporal_w50,20,168,188,50,6.734563082266835,6.734563082266835,False,False,0-30,none
45,18,140.0,124.18446576176417,LGBMRegressor,temporal_w50,140,18,158,18,-15.815534238235827,15.815534238235827,False,False,90+,none
45,48,110.0,120.35530977077794,LGBMRegressor,temporal_w50,110,48,158,48,10.355309770777936,10.355309770777936,False,False,90+,none
45,78,80.0,107.36825858320914,LGBMRegressor,temporal_w50,80,78,158,50,27.36825858320914,27.36825858320914,True,False,60-90,none
45,108,50.0,63.43957348482385,LGBMRegressor,temporal_w50,50,108,158,50,13.439573484823853,13.439573484823853,False,False,30-60,none
45,138,20.0,22.496688937498497,LGBMRegressor,temporal_w50,20,138,158,50,2.4966889374984973,2.4966889374984973,False,False,0-30,none
46,116,140.0,113.73586159313844,LGBMRegressor,temporal_w50,140,116,256,50,-26.264138406861562,26.264138406861562,False,True,90+,none
46,146,110.0,117.35164096883675,LGBMRegressor,temporal_w50,110,146,256,50,7.3516409688367474,7.3516409688367474,False,False,90+,none
46,176,80.0,68.28318679504498,LGBMRegressor,temporal_w50,80,176,256,50,-11.716813204955017,11.716813204955017,False,False,60-90,none
46,206,50.0,45.48665225143454,LGBMRegressor,temporal_w50,50,206,256,50,-4.513347748565458,4.513347748565458,False,False,30-60,none
46,236,20.0,16.299213300820917,LGBMRegressor,temporal_w50,20,236,256,50,-3.7007866991790834,3.7007866991790834,False,False,0-30,none
54,117,140.0,112.74226693716206,LGBMRegressor,temporal_w50,140,117,257,50,-27.257733062837943,27.257733062837943,False,True,90+,none
54,147,110.0,102.3813981670147,LGBMRegressor,temporal_w50,110,147,257,50,-7.618601832985306,7.618601832985306,False,False,90+,none
54,177,80.0,74.68234802228133,LGBMRegressor,temporal_w50,80,177,257,50,-5.317651977718668,5.317651977718668,False,False,60-90,none
54,207,50.0,46.843878554838376,LGBMRegressor,temporal_w50,50,207,257,50,-3.1561214451616237,3.1561214451616237,False,False,30-60,none
54,237,20.0,20.956818658467814,LGBMRegressor,temporal_w50,20,237,257,50,0.9568186584678138,0.9568186584678138,False,False,0-30,none
71,68,140.0,121.7911627614239,LGBMRegressor,temporal_w50,140,68,208,50,-18.208837238576095,18.208837238576095,False,False,90+,none
71,98,110.0,114.78727888220132,LGBMRegressor,temporal_w50,110,98,208,50,4.787278882201321,4.787278882201321,False,False,90+,none
71,128,80.0,73.36094340439834,LGBMRegressor,temporal_w50,80,128,208,50,-6.639056595601659,6.639056595601659,False,False,60-90,none
71,158,50.0,56.07764589467074,LGBMRegressor,temporal_w50,50,158,208,50,6.077645894670738,6.077645894670738,False,False,30-60,none
71,188,20.0,17.834742240943484,LGBMRegressor,temporal_w50,20,188,208,50,-2.165257759056516,2.165257759056516,False,False,0-30,none
74,26,140.0,111.9811538356281,LGBMRegressor,temporal_w50,140,26,166,26,-28.018846164371894,28.018846164371894,False,True,90+,none
74,56,110.0,115.73767705194598,LGBMRegressor,temporal_w50,110,56,166,50,5.73767705194598,5.73767705194598,False,False,90+,none
74,86,80.0,101.14038578865495,LGBMRegressor,temporal_w50,80,86,166,50,21.140385788654953,21.140385788654953,True,False,60-90,none
74,116,50.0,54.32212359098253,LGBMRegressor,temporal_w50,50,116,166,50,4.322123590982528,4.322123590982528,False,False,30-60,none
74,146,20.0,19.874954580496254,LGBMRegressor,temporal_w50,20,146,166,50,-0.1250454195037456,0.1250454195037456,False,False,0-30,none
77,14,140.0,124.16503596886884,LGBMRegressor,temporal_w50,140,14,154,14,-15.834964031131165,15.834964031131165,False,False,90+,none
77,44,110.0,104.44829358751952,LGBMRegressor,temporal_w50,110,44,154,44,-5.551706412480485,5.551706412480485,False,False,90+,none
77,74,80.0,108.66926803518722,LGBMRegressor,temporal_w50,80,74,154,50,28.669268035187216,28.669268035187216,True,False,60-90,none
77,104,50.0,62.295144209219806,LGBMRegressor,temporal_w50,50,104,154,50,12.295144209219806,12.295144209219806,False,False,30-60,none
77,134,20.0,28.97294544721009,LGBMRegressor,temporal_w50,20,134,154,50,8.97294544721009,8.97294544721009,False,False,0-30,none
78,91,140.0,116.0844809187326,LGBMRegressor,temporal_w50,140,91,231,50,-23.915519081267405,23.915519081267405,False,True,90+,none
78,121,110.0,95.86301947500233,LGBMRegressor,temporal_w50,110,121,231,50,-14.136980524997668,14.136980524997668,False,False,90+,none
78,151,80.0,104.43359961728308,LGBMRegressor,temporal_w50,80,151,231,50,24.43359961728308,24.43359961728308,True,False,60-90,none
78,181,50.0,49.661395221201616,LGBMRegressor,temporal_w50,50,181,231,50,-0.33860477879838413,0.33860477879838413,False,False,30-60,none
78,211,20.0,17.482875160288582,LGBMRegressor,temporal_w50,20,211,231,50,-2.5171248397114176,2.5171248397114176,False,False,0-30,none
81,100,140.0,108.74735625854,LGBMRegressor,temporal_w50,140,100,240,50,-31.252643741460005,31.252643741460005,False,True,90+,none
81,130,110.0,89.94620100906378,LGBMRegressor,temporal_w50,110,130,240,50,-20.053798990936215,20.053798990936215,False,True,90+,none
81,160,80.0,79.17217287017033,LGBMRegressor,temporal_w50,80,160,240,50,-0.8278271298296715,0.8278271298296715,False,False,60-90,none
81,190,50.0,46.01284257040362,LGBMRegressor,temporal_w50,50,190,240,50,-3.9871574295963796,3.9871574295963796,False,False,30-60,none
81,220,20.0,12.947744673429932,LGBMRegressor,temporal_w50,20,220,240,50,-7.052255326570068,7.052255326570068,False,False,0-30,none
84,127,140.0,106.79760495620056,LGBMRegressor,temporal_w50,140,127,267,50,-33.20239504379944,33.20239504379944,False,True,90+,none
84,157,110.0,83.83082316655374,LGBMRegressor,temporal_w50,110,157,267,50,-26.169176833446258,26.169176833446258,False,True,90+,none
84,187,80.0,69.08125819869657,LGBMRegressor,temporal_w50,80,187,267,50,-10.918741801303426,10.918741801303426,False,False,60-90,none
84,217,50.0,45.37903143464349,LGBMRegressor,temporal_w50,50,217,267,50,-4.620968565356513,4.620968565356513,False,False,30-60,none
84,247,20.0,34.592645887872905,LGBMRegressor,temporal_w50,20,247,267,50,14.592645887872905,14.592645887872905,False,False,0-30,none
91,25,110.0,110.20091939695207,LGBMRegressor,temporal_w50,110,25,135,25,0.20091939695207373,0.20091939695207373,False,False,90+,none
91,55,80.0,92.66926441188518,LGBMRegressor,temporal_w50,80,55,135,50,12.66926441188518,12.66926441188518,False,False,60-90,none
91,85,50.0,62.13344895815195,LGBMRegressor,temporal_w50,50,85,135,50,12.133448958151952,12.133448958151952,False,False,30-60,none
91,115,20.0,22.373703409482932,LGBMRegressor,temporal_w50,20,115,135,50,2.373703409482932,2.373703409482932,False,False,0-30,none
1,52,140.0,122.04148279183809,LGBMRegressor,temporal_w50,140,52,192,50,-17.958517208161908,17.958517208161908,False,False,90+,bin_weights
1,82,110.0,112.70055495550062,LGBMRegressor,temporal_w50,110,82,192,50,2.700554955500621,2.700554955500621,False,False,90+,bin_weights
1,112,80.0,96.4345266115215,LGBMRegressor,temporal_w50,80,112,192,50,16.434526611521505,16.434526611521505,False,False,60-90,bin_weights
1,142,50.0,59.642563489410676,LGBMRegressor,temporal_w50,50,142,192,50,9.642563489410676,9.642563489410676,False,False,30-60,bin_weights
1,172,20.0,22.41400518471611,LGBMRegressor,temporal_w50,20,172,192,50,2.4140051847161104,2.4140051847161104,False,False,0-30,bin_weights
5,129,140.0,116.50559414097245,LGBMRegressor,temporal_w50,140,129,269,50,-23.49440585902755,23.49440585902755,False,True,90+,bin_weights
5,159,110.0,96.59337978849294,LGBMRegressor,temporal_w50,110,159,269,50,-13.406620211507061,13.406620211507061,False,False,90+,bin_weights
5,189,80.0,68.45623090763006,LGBMRegressor,temporal_w50,80,189,269,50,-11.543769092369942,11.543769092369942,False,False,60-90,bin_weights
5,219,50.0,38.42874110664876,LGBMRegressor,temporal_w50,50,219,269,50,-11.571258893351242,11.571258893351242,False,False,30-60,bin_weights
5,249,20.0,15.942402931748942,LGBMRegressor,temporal_w50,20,249,269,50,-4.057597068251058,4.057597068251058,False,False,0-30,bin_weights
11,100,140.0,116.95396532419213,LGBMRegressor,temporal_w50,140,100,240,50,-23.046034675807874,23.046034675807874,False,True,90+,bin_weights
11,130,110.0,107.78000681168933,LGBMRegressor,temporal_w50,110,130,240,50,-2.219993188310667,2.219993188310667,False,False,90+,bin_weights
11,160,80.0,66.95699085885167,LGBMRegressor,temporal_w50,80,160,240,50,-13.043009141148332,13.043009141148332,False,False,60-90,bin_weights
11,190,50.0,48.58888176974054,LGBMRegressor,temporal_w50,50,190,240,50,-1.4111182302594614,1.4111182302594614,False,False,30-60,bin_weights
11,220,20.0,19.600484441571677,LGBMRegressor,temporal_w50,20,220,240,50,-0.3995155584283232,0.3995155584283232,False,False,0-30,bin_weights
13,23,140.0,123.54878381677398,LGBMRegressor,temporal_w50,140,23,163,23,-16.451216183226023,16.451216183226023,False,False,90+,bin_weights
13,53,110.0,116.9481443072195,LGBMRegressor,temporal_w50,110,53,163,50,6.9481443072194935,6.9481443072194935,False,False,90+,bin_weights
13,83,80.0,104.19050773198707,LGBMRegressor,temporal_w50,80,83,163,50,24.19050773198707,24.19050773198707,True,False,60-90,bin_weights
13,113,50.0,58.58959999998874,LGBMRegressor,temporal_w50,50,113,163,50,8.589599999988742,8.589599999988742,False,False,30-60,bin_weights
13,143,20.0,24.556747784304196,LGBMRegressor,temporal_w50,20,143,163,50,4.556747784304196,4.556747784304196,False,False,0-30,bin_weights
19,18,140.0,113.41756762913695,LGBMRegressor,temporal_w50,140,18,158,18,-26.582432370863046,26.582432370863046,False,True,90+,bin_weights
19,48,110.0,115.79853688068214,LGBMRegressor,temporal_w50,110,48,158,48,5.798536880682136,5.798536880682136,False,False,90+,bin_weights
19,78,80.0,104.65505396966239,LGBMRegressor,temporal_w50,80,78,158,50,24.65505396966239,24.65505396966239,True,False,60-90,bin_weights
19,108,50.0,58.616721848730286,LGBMRegressor,temporal_w50,50,108,158,50,8.616721848730286,8.616721848730286,False,False,30-60,bin_weights
19,138,20.0,24.10204189609038,LGBMRegressor,temporal_w50,20,138,158,50,4.10204189609038,4.10204189609038,False,False,0-30,bin_weights
23,28,140.0,125.90953290390581,LGBMRegressor,temporal_w50,140,28,168,28,-14.090467096094187,14.090467096094187,False,False,90+,bin_weights
23,58,110.0,113.67759491176197,LGBMRegressor,temporal_w50,110,58,168,50,3.6775949117619717,3.6775949117619717,False,False,90+,bin_weights
23,88,80.0,104.79738364646748,LGBMRegressor,temporal_w50,80,88,168,50,24.79738364646748,24.79738364646748,True,False,60-90,bin_weights
23,118,50.0,70.95899273771684,LGBMRegressor,temporal_w50,50,118,168,50,20.95899273771684,20.95899273771684,True,False,30-60,bin_weights
23,148,20.0,23.72943798843246,LGBMRegressor,temporal_w50,20,148,168,50,3.7294379884324584,3.7294379884324584,False,False,0-30,bin_weights
31,94,140.0,112.05427991671738,LGBMRegressor,temporal_w50,140,94,234,50,-27.945720083282623,27.945720083282623,False,True,90+,bin_weights
31,124,110.0,119.80513081185546,LGBMRegressor,temporal_w50,110,124,234,50,9.805130811855463,9.805130811855463,False,False,90+,bin_weights
31,154,80.0,86.0218015551124,LGBMRegressor,temporal_w50,80,154,234,50,6.021801555112404,6.021801555112404,False,False,60-90,bin_weights
31,184,50.0,54.63052042860408,LGBMRegressor,temporal_w50,50,184,234,50,4.630520428604079,4.630520428604079,False,False,30-60,bin_weights
31,214,20.0,13.837777042090725,LGBMRegressor,temporal_w50,20,214,234,50,-6.162222957909275,6.162222957909275,False,False,0-30,bin_weights
32,51,140.0,120.54302505252237,LGBMRegressor,temporal_w50,140,51,191,50,-19.456974947477633,19.456974947477633,False,False,90+,bin_weights
32,81,110.0,114.3665523162159,LGBMRegressor,temporal_w50,110,81,191,50,4.366552316215902,4.366552316215902,False,False,90+,bin_weights
32,111,80.0,91.2811443999739,LGBMRegressor,temporal_w50,80,111,191,50,11.281144399973897,11.281144399973897,False,False,60-90,bin_weights
32,141,50.0,48.84093707372321,LGBMRegressor,temporal_w50,50,141,191,50,-1.159062926276789,1.159062926276789,False,False,30-60,bin_weights
32,171,20.0,21.727462353907995,LGBMRegressor,temporal_w50,20,171,191,50,1.7274623539079954,1.7274623539079954,False,False,0-30,bin_weights
34,55,140.0,118.17919400052065,LGBMRegressor,temporal_w50,140,55,195,50,-21.820805999479347,21.820805999479347,False,True,90+,bin_weights
34,85,110.0,105.84246862643147,LGBMRegressor,temporal_w50,110,85,195,50,-4.157531373568531,4.157531373568531,False,False,90+,bin_weights
34,115,80.0,87.74022507027705,LGBMRegressor,temporal_w50,80,115,195,50,7.740225070277049,7.740225070277049,False,False,60-90,bin_weights
34,145,50.0,56.66669558328261,LGBMRegressor,temporal_w50,50,145,195,50,6.6666955832826105,6.6666955832826105,False,False,30-60,bin_weights
34,175,20.0,22.408802315524674,LGBMRegressor,temporal_w50,20,175,195,50,2.4088023155246745,2.4088023155246745,False,False,0-30,bin_weights
40,48,140.0,117.79874012688472,LGBMRegressor,temporal_w50,140,48,188,48,-22.201259873115276,22.201259873115276,False,True,90+,bin_weights
40,78,110.0,121.10441699151899,LGBMRegressor,temporal_w50,110,78,188,50,11.104416991518988,11.104416991518988,False,False,90+,bin_weights
40,108,80.0,69.53558670672203,LGBMRegressor,temporal_w50,80,108,188,50,-10.464413293277971,10.464413293277971,False,False,60-90,bin_weights
40,138,50.0,54.43570267011957,LGBMRegressor,temporal_w50,50,138,188,50,4.435702670119568,4.435702670119568,False,False,30-60,bin_weights
40,168,20.0,28.303430287935292,LGBMRegressor,temporal_w50,20,168,188,50,8.303430287935292,8.303430287935292,False,False,0-30,bin_weights
45,18,140.0,122.66934394026892,LGBMRegressor,temporal_w50,140,18,158,18,-17.330656059731083,17.330656059731083,False,False,90+,bin_weights
45,48,110.0,122.64603344592774,LGBMRegressor,temporal_w50,110,48,158,48,12.646033445927742,12.646033445927742,False,False,90+,bin_weights
45,78,80.0,107.47775990253577,LGBMRegressor,temporal_w50,80,78,158,50,27.477759902535766,27.477759902535766,True,False,60-90,bin_weights
45,108,50.0,56.84285827387213,LGBMRegressor,temporal_w50,50,108,158,50,6.842858273872132,6.842858273872132,False,False,30-60,bin_weights
45,138,20.0,23.64697242508342,LGBMRegressor,temporal_w50,20,138,158,50,3.646972425083419,3.646972425083419,False,False,0-30,bin_weights
46,116,140.0,117.32952336835218,LGBMRegressor,temporal_w50,140,116,256,50,-22.670476631647816,22.670476631647816,False,True,90+,bin_weights
46,146,110.0,118.51240054994199,LGBMRegressor,temporal_w50,110,146,256,50,8.512400549941987,8.512400549941987,False,False,90+,bin_weights
46,176,80.0,73.85283482073244,LGBMRegressor,temporal_w50,80,176,256,50,-6.14716517926756,6.14716517926756,False,False,60-90,bin_weights
46,206,50.0,38.81878954673673,LGBMRegressor,temporal_w50,50,206,256,50,-11.181210453263269,11.181210453263269,False,False,30-60,bin_weights
46,236,20.0,18.902504087142198,LGBMRegressor,temporal_w50,20,236,256,50,-1.0974959128578021,1.0974959128578021,False,False,0-30,bin_weights
54,117,140.0,110.25557797766581,LGBMRegressor,temporal_w50,140,117,257,50,-29.74442202233419,29.74442202233419,False,True,90+,bin_weights
54,147,110.0,100.12640164216421,LGBMRegressor,temporal_w50,110,147,257,50,-9.873598357835789,9.873598357835789,False,False,90+,bin_weights
54,177,80.0,71.05603184275107,LGBMRegressor,temporal_w50,80,177,257,50,-8.943968157248932,8.943968157248932,False,False,60-90,bin_weights
54,207,50.0,41.59646337714021,LGBMRegressor,temporal_w50,50,207,257,50,-8.40353662285979,8.40353662285979,False,False,30-60,bin_weights
54,237,20.0,21.572371192178245,LGBMRegressor,temporal_w50,20,237,257,50,1.5723711921782453,1.5723711921782453,False,False,0-30,bin_weights
71,68,140.0,122.72723712656062,LGBMRegressor,temporal_w50,140,68,208,50,-17.272762873439376,17.272762873439376,False,False,90+,bin_weights
71,98,110.0,114.94822486392877,LGBMRegressor,temporal_w50,110,98,208,50,4.948224863928772,4.948224863928772,False,False,90+,bin_weights
71,128,80.0,77.25742433989416,LGBMRegressor,temporal_w50,80,128,208,50,-2.7425756601058424,2.7425756601058424,False,False,60-90,bin_weights
71,158,50.0,58.11707624949201,LGBMRegressor,temporal_w50,50,158,208,50,8.117076249492008,8.117076249492008,False,False,30-60,bin_weights
71,188,20.0,20.072028076880045,LGBMRegressor,temporal_w50,20,188,208,50,0.07202807688004498,0.07202807688004498,False,False,0-30,bin_weights
74,26,140.0,117.61390787514729,LGBMRegressor,temporal_w50,140,26,166,26,-22.38609212485271,22.38609212485271,False,True,90+,bin_weights
74,56,110.0,116.28462991948133,LGBMRegressor,temporal_w50,110,56,166,50,6.284629919481333,6.284629919481333,False,False,90+,bin_weights
74,86,80.0,99.13311728010916,LGBMRegressor,temporal_w50,80,86,166,50,19.13311728010916,19.13311728010916,False,False,60-90,bin_weights
74,116,50.0,52.06167442675641,LGBMRegressor,temporal_w50,50,116,166,50,2.0616744267564115,2.0616744267564115,False,False,30-60,bin_weights
74,146,20.0,22.180297595767698,LGBMRegressor,temporal_w50,20,146,166,50,2.1802975957676978,2.1802975957676978,False,False,0-30,bin_weights
77,14,140.0,125.6646933630395,LGBMRegressor,temporal_w50,140,14,154,14,-14.335306636960496,14.335306636960496,False,False,90+,bin_weights
77,44,110.0,105.48695502984185,LGBMRegressor,temporal_w50,110,44,154,44,-4.513044970158148,4.513044970158148,False,False,90+,bin_weights
77,74,80.0,105.61478000011822,LGBMRegressor,temporal_w50,80,74,154,50,25.614780000118216,25.614780000118216,True,False,60-90,bin_weights
77,104,50.0,59.274720453844,LGBMRegressor,temporal_w50,50,104,154,50,9.274720453843997,9.274720453843997,False,False,30-60,bin_weights
77,134,20.0,27.03955154294102,LGBMRegressor,temporal_w50,20,134,154,50,7.03955154294102,7.03955154294102,False,False,0-30,bin_weights
78,91,140.0,117.01620787137664,LGBMRegressor,temporal_w50,140,91,231,50,-22.983792128623364,22.983792128623364,False,True,90+,bin_weights
78,121,110.0,94.5299255813104,LGBMRegressor,temporal_w50,110,121,231,50,-15.470074418689606,15.470074418689606,False,False,90+,bin_weights
78,151,80.0,103.74301074601404,LGBMRegressor,temporal_w50,80,151,231,50,23.743010746014036,23.743010746014036,True,False,60-90,bin_weights
78,181,50.0,46.212782971404025,LGBMRegressor,temporal_w50,50,181,231,50,-3.7872170285959754,3.7872170285959754,False,False,30-60,bin_weights
78,211,20.0,19.160659451851554,LGBMRegressor,temporal_w50,20,211,231,50,-0.8393405481484457,0.8393405481484457,False,False,0-30,bin_weights
81,100,140.0,112.25901647255854,LGBMRegressor,temporal_w50,140,100,240,50,-27.740983527441458,27.740983527441458,False,True,90+,bin_weights
81,130,110.0,91.88114064610288,LGBMRegressor,temporal_w50,110,130,240,50,-18.118859353897122,18.118859353897122,False,False,90+,bin_weights
81,160,80.0,76.91311937419744,LGBMRegressor,temporal_w50,80,160,240,50,-3.0868806258025643,3.0868806258025643,False,False,60-90,bin_weights
81,190,50.0,48.714291316053995,LGBMRegressor,temporal_w50,50,190,240,50,-1.2857086839460052,1.2857086839460052,False,False,30-60,bin_weights
81,220,20.0,12.767137264873186,LGBMRegressor,temporal_w50,20,220,240,50,-7.2328627351268135,7.2328627351268135,False,False,0-30,bin_weights
84,127,140.0,103.20788074853786,LGBMRegressor,temporal_w50,140,127,267,50,-36.79211925146214,36.79211925146214,False,True,90+,bin_weights
84,157,110.0,89.59511769168644,LGBMRegressor,temporal_w50,110,157,267,50,-20.40488230831356,20.40488230831356,False,True,90+,bin_weights
84,187,80.0,69.03278399161938,LGBMRegressor,temporal_w50,80,187,267,50,-10.967216008380618,10.967216008380618,False,False,60-90,bin_weights
84,217,50.0,44.12159989090551,LGBMRegressor,temporal_w50,50,217,267,50,-5.878400109094493,5.878400109094493,False,False,30-60,bin_weights
84,247,20.0,33.11072726890738,LGBMRegressor,temporal_w50,20,247,267,50,13.110727268907382,13.110727268907382,False,False,0-30,bin_weights
91,25,110.0,100.92833706246044,LGBMRegressor,temporal_w50,110,25,135,25,-9.071662937539557,9.071662937539557,False,False,90+,bin_weights
91,55,80.0,86.4773488708923,LGBMRegressor,temporal_w50,80,55,135,50,6.4773488708923,6.4773488708923,False,False,60-90,bin_weights
91,85,50.0,65.11313527427954,LGBMRegressor,temporal_w50,50,85,135,50,15.113135274279543,15.113135274279543,False,False,30-60,bin_weights
91,115,20.0,18.886884800041862,LGBMRegressor,temporal_w50,20,115,135,50,-1.1131151999581377,1.1131151999581377,False,False,0-30,bin_weights
1,52,140.0,121.99057707409469,LGBMRegressor,temporal_w50,140,52,192,50,-18.009422925905312,18.009422925905312,False,False,90+,aggressive
1,82,110.0,113.43512810784671,LGBMRegressor,temporal_w50,110,82,192,50,3.435128107846708,3.435128107846708,False,False,90+,aggressive
1,112,80.0,95.10806285905751,LGBMRegressor,temporal_w50,80,112,192,50,15.108062859057512,15.108062859057512,False,False,60-90,aggressive
1,142,50.0,55.60934262328709,LGBMRegressor,temporal_w50,50,142,192,50,5.609342623287091,5.609342623287091,False,False,30-60,aggressive
1,172,20.0,22.435908553011313,LGBMRegressor,temporal_w50,20,172,192,50,2.4359085530113127,2.4359085530113127,False,False,0-30,aggressive
5,129,140.0,117.21343471456909,LGBMRegressor,temporal_w50,140,129,269,50,-22.78656528543091,22.78656528543091,False,True,90+,aggressive
5,159,110.0,101.22983468662937,LGBMRegressor,temporal_w50,110,159,269,50,-8.770165313370626,8.770165313370626,False,False,90+,aggressive
5,189,80.0,74.05009110765678,LGBMRegressor,temporal_w50,80,189,269,50,-5.949908892343217,5.949908892343217,False,False,60-90,aggressive
5,219,50.0,37.79899686770982,LGBMRegressor,temporal_w50,50,219,269,50,-12.201003132290182,12.201003132290182,False,False,30-60,aggressive
5,249,20.0,16.2699446019159,LGBMRegressor,temporal_w50,20,249,269,50,-3.730055398084101,3.730055398084101,False,False,0-30,aggressive
11,100,140.0,117.72206758865707,LGBMRegressor,temporal_w50,140,100,240,50,-22.27793241134293,22.27793241134293,False,True,90+,aggressive
11,130,110.0,103.5700446415563,LGBMRegressor,temporal_w50,110,130,240,50,-6.429955358443706,6.429955358443706,False,False,90+,aggressive
11,160,80.0,63.60759793409504,LGBMRegressor,temporal_w50,80,160,240,50,-16.39240206590496,16.39240206590496,False,False,60-90,aggressive
11,190,50.0,48.77896827792087,LGBMRegressor,temporal_w50,50,190,240,50,-1.2210317220791325,1.2210317220791325,False,False,30-60,aggressive
11,220,20.0,19.042596733701156,LGBMRegressor,temporal_w50,20,220,240,50,-0.9574032662988436,0.9574032662988436,False,False,0-30,aggressive
13,23,140.0,120.45411479271216,LGBMRegressor,temporal_w50,140,23,163,23,-19.54588520728784,19.54588520728784,False,False,90+,aggressive
13,53,110.0,118.36080545215204,LGBMRegressor,temporal_w50,110,53,163,50,8.360805452152036,8.360805452152036,False,False,90+,aggressive
13,83,80.0,105.27901582864509,LGBMRegressor,temporal_w50,80,83,163,50,25.279015828645086,25.279015828645086,True,False,60-90,aggressive
13,113,50.0,57.877795280382344,LGBMRegressor,temporal_w50,50,113,163,50,7.877795280382344,7.877795280382344,False,False,30-60,aggressive
13,143,20.0,23.75227913991367,LGBMRegressor,temporal_w50,20,143,163,50,3.7522791399136715,3.7522791399136715,False,False,0-30,aggressive
19,18,140.0,113.5533701793371,LGBMRegressor,temporal_w50,140,18,158,18,-26.446629820662906,26.446629820662906,False,True,90+,aggressive
19,48,110.0,120.70869106379143,LGBMRegressor,temporal_w50,110,48,158,48,10.708691063791434,10.708691063791434,False,False,90+,aggressive
19,78,80.0,105.76051152204103,LGBMRegressor,temporal_w50,80,78,158,50,25.76051152204103,25.76051152204103,True,False,60-90,aggressive
19,108,50.0,55.54924459349783,LGBMRegressor,temporal_w50,50,108,158,50,5.549244593497832,5.549244593497832,False,False,30-60,aggressive
19,138,20.0,24.54993602343401,LGBMRegressor,temporal_w50,20,138,158,50,4.549936023434011,4.549936023434011,False,False,0-30,aggressive
23,28,140.0,125.68088418031296,LGBMRegressor,temporal_w50,140,28,168,28,-14.319115819687042,14.319115819687042,False,False,90+,aggressive
23,58,110.0,118.60214954411572,LGBMRegressor,temporal_w50,110,58,168,50,8.602149544115719,8.602149544115719,False,False,90+,aggressive
23,88,80.0,105.92207798292094,LGBMRegressor,temporal_w50,80,88,168,50,25.92207798292094,25.92207798292094,True,False,60-90,aggressive
23,118,50.0,63.96081385936852,LGBMRegressor,temporal_w50,50,118,168,50,13.960813859368521,13.960813859368521,False,False,30-60,aggressive
23,148,20.0,24.369660064244215,LGBMRegressor,temporal_w50,20,148,168,50,4.369660064244215,4.369660064244215,False,False,0-30,aggressive
31,94,140.0,114.39360445583362,LGBMRegressor,temporal_w50,140,94,234,50,-25.606395544166375,25.606395544166375,False,True,90+,aggressive
31,124,110.0,118.09338645378195,LGBMRegressor,temporal_w50,110,124,234,50,8.093386453781946,8.093386453781946,False,False,90+,aggressive
31,154,80.0,78.01696403130283,LGBMRegressor,temporal_w50,80,154,234,50,-1.9830359686971661,1.9830359686971661,False,False,60-90,aggressive
31,184,50.0,50.90299284914154,LGBMRegressor,temporal_w50,50,184,234,50,0.9029928491415404,0.9029928491415404,False,False,30-60,aggressive
31,214,20.0,14.460608922970122,LGBMRegressor,temporal_w50,20,214,234,50,-5.539391077029878,5.539391077029878,False,False,0-30,aggressive
32,51,140.0,120.05695964125249,LGBMRegressor,temporal_w50,140,51,191,50,-19.94304035874751,19.94304035874751,False,False,90+,aggressive
32,81,110.0,114.89634435526544,LGBMRegressor,temporal_w50,110,81,191,50,4.896344355265441,4.896344355265441,False,False,90+,aggressive
32,111,80.0,89.62481846393335,LGBMRegressor,temporal_w50,80,111,191,50,9.624818463933352,9.624818463933352,False,False,60-90,aggressive
32,141,50.0,52.77339207262549,LGBMRegressor,temporal_w50,50,141,191,50,2.773392072625491,2.773392072625491,False,False,30-60,aggressive
32,171,20.0,20.22513751386745,LGBMRegressor,temporal_w50,20,171,191,50,0.2251375138674483,0.2251375138674483,False,False,0-30,aggressive
34,55,140.0,118.85575567019552,LGBMRegressor,temporal_w50,140,55,195,50,-21.14424432980448,21.14424432980448,False,True,90+,aggressive
34,85,110.0,104.07037261738532,LGBMRegressor,temporal_w50,110,85,195,50,-5.929627382614683,5.929627382614683,False,False,90+,aggressive
34,115,80.0,83.9691581103488,LGBMRegressor,temporal_w50,80,115,195,50,3.9691581103488005,3.9691581103488005,False,False,60-90,aggressive
34,145,50.0,56.16918673798146,LGBMRegressor,temporal_w50,50,145,195,50,6.169186737981462,6.169186737981462,False,False,30-60,aggressive
34,175,20.0,20.934944483057595,LGBMRegressor,temporal_w50,20,175,195,50,0.9349444830575955,0.9349444830575955,False,False,0-30,aggressive
40,48,140.0,115.15993905313651,LGBMRegressor,temporal_w50,140,48,188,48,-24.84006094686349,24.84006094686349,False,True,90+,aggressive
40,78,110.0,123.74111790638577,LGBMRegressor,temporal_w50,110,78,188,50,13.741117906385767,13.741117906385767,False,False,90+,aggressive
40,108,80.0,71.3452174615219,LGBMRegressor,temporal_w50,80,108,188,50,-8.654782538478102,8.654782538478102,False,False,60-90,aggressive
40,138,50.0,58.3313597748724,LGBMRegressor,temporal_w50,50,138,188,50,8.331359774872404,8.331359774872404,False,False,30-60,aggressive
40,168,20.0,27.55373137381337,LGBMRegressor,temporal_w50,20,168,188,50,7.5537313738133705,7.5537313738133705,False,False,0-30,aggressive
45,18,140.0,120.61087142839095,LGBMRegressor,temporal_w50,140,18,158,18,-19.38912857160905,19.38912857160905,False,False,90+,aggressive
45,48,110.0,122.30689303189287,LGBMRegressor,temporal_w50,110,48,158,48,12.30689303189287,12.30689303189287,False,False,90+,aggressive
45,78,80.0,106.43579211185413,LGBMRegressor,temporal_w50,80,78,158,50,26.435792111854127,26.435792111854127,True,False,60-90,aggressive
45,108,50.0,52.99432579496303,LGBMRegressor,temporal_w50,50,108,158,50,2.994325794963032,2.994325794963032,False,False,30-60,aggressive
45,138,20.0,22.8901966755445,LGBMRegressor,temporal_w50,20,138,158,50,2.8901966755445017,2.8901966755445017,False,False,0-30,aggressive
46,116,140.0,116.34659762675825,LGBMRegressor,temporal_w50,140,116,256,50,-23.653402373241747,23.653402373241747,False,True,90+,aggressive
46,146,110.0,115.12513948468406,LGBMRegressor,temporal_w50,110,146,256,50,5.1251394846840554,5.1251394846840554,False,False,90+,aggressive
46,176,80.0,62.613113848388565,LGBMRegressor,temporal_w50,80,176,256,50,-17.386886151611435,17.386886151611435,False,False,60-90,aggressive
46,206,50.0,42.481493375511974,LGBMRegressor,temporal_w50,50,206,256,50,-7.518506624488026,7.518506624488026,False,False,30-60,aggressive
46,236,20.0,18.829225667433747,LGBMRegressor,temporal_w50,20,236,256,50,-1.1707743325662534,1.1707743325662534,False,False,0-30,aggressive
54,117,140.0,110.50223905309645,LGBMRegressor,temporal_w50,140,117,257,50,-29.497760946903554,29.497760946903554,False,True,90+,aggressive
54,147,110.0,98.68575164637433,LGBMRegressor,temporal_w50,110,147,257,50,-11.314248353625672,11.314248353625672,False,False,90+,aggressive
54,177,80.0,81.65986806974327,LGBMRegressor,temporal_w50,80,177,257,50,1.6598680697432684,1.6598680697432684,False,False,60-90,aggressive
54,207,50.0,43.08358656672206,LGBMRegressor,temporal_w50,50,207,257,50,-6.916413433277938,6.916413433277938,False,False,30-60,aggressive
54,237,20.0,21.237616648545238,LGBMRegressor,temporal_w50,20,237,257,50,1.237616648545238,1.237616648545238,False,False,0-30,aggressive
71,68,140.0,123.43413504622461,LGBMRegressor,temporal_w50,140,68,208,50,-16.56586495377539,16.56586495377539,False,False,90+,aggressive
71,98,110.0,114.27713767904712,LGBMRegressor,temporal_w50,110,98,208,50,4.277137679047115,4.277137679047115,False,False,90+,aggressive
71,128,80.0,76.71641239793179,LGBMRegressor,temporal_w50,80,128,208,50,-3.2835876020682093,3.2835876020682093,False,False,60-90,aggressive
71,158,50.0,55.81240118043912,LGBMRegressor,temporal_w50,50,158,208,50,5.812401180439117,5.812401180439117,False,False,30-60,aggressive
71,188,20.0,20.13079164775945,LGBMRegressor,temporal_w50,20,188,208,50,0.13079164775945173,0.13079164775945173,False,False,0-30,aggressive
74,26,140.0,113.90244241184531,LGBMRegressor,temporal_w50,140,26,166,26,-26.097557588154686,26.097557588154686,False,True,90+,aggressive
74,56,110.0,113.97275139582582,LGBMRegressor,temporal_w50,110,56,166,50,3.9727513958258243,3.9727513958258243,False,False,90+,aggressive
74,86,80.0,100.69727337774685,LGBMRegressor,temporal_w50,80,86,166,50,20.697273377746853,20.697273377746853,True,False,60-90,aggressive
74,116,50.0,52.41097776389482,LGBMRegressor,temporal_w50,50,116,166,50,2.41097776389482,2.41097776389482,False,False,30-60,aggressive
74,146,20.0,21.839276734679057,LGBMRegressor,temporal_w50,20,146,166,50,1.839276734679057,1.839276734679057,False,False,0-30,aggressive
77,14,140.0,125.33588698575717,LGBMRegressor,temporal_w50,140,14,154,14,-14.66411301424283,14.66411301424283,False,False,90+,aggressive
77,44,110.0,106.22507886841265,LGBMRegressor,temporal_w50,110,44,154,44,-3.774921131587348,3.774921131587348,False,False,90+,aggressive
77,74,80.0,109.64570973053895,LGBMRegressor,temporal_w50,80,74,154,50,29.645709730538954,29.645709730538954,True,False,60-90,aggressive
77,104,50.0,56.74270259129579,LGBMRegressor,temporal_w50,50,104,154,50,6.742702591295789,6.742702591295789,False,False,30-60,aggressive
77,134,20.0,28.879870424056094,LGBMRegressor,temporal_w50,20,134,154,50,8.879870424056094,8.879870424056094,False,False,0-30,aggressive
78,91,140.0,117.71514190993635,LGBMRegressor,temporal_w50,140,91,231,50,-22.28485809006365,22.28485809006365,False,True,90+,aggressive
78,121,110.0,96.3042066773313,LGBMRegressor,temporal_w50,110,121,231,50,-13.695793322668706,13.695793322668706,False,False,90+,aggressive
78,151,80.0,103.21461785794695,LGBMRegressor,temporal_w50,80,151,231,50,23.214617857946948,23.214617857946948,True,False,60-90,aggressive
78,181,50.0,48.40732661714056,LGBMRegressor,temporal_w50,50,181,231,50,-1.592673382859438,1.592673382859438,False,False,30-60,aggressive
78,211,20.0,19.499154155126778,LGBMRegressor,temporal_w50,20,211,231,50,-0.500845844873222,0.500845844873222,False,False,0-30,aggressive
81,100,140.0,112.10400737491179,LGBMRegressor,temporal_w50,140,100,240,50,-27.895992625088212,27.895992625088212,False,True,90+,aggressive
81,130,110.0,88.94917646772703,LGBMRegressor,temporal_w50,110,130,240,50,-21.05082353227297,21.05082353227297,False,True,90+,aggressive
81,160,80.0,80.80837174612466,LGBMRegressor,temporal_w50,80,160,240,50,0.8083717461246636,0.8083717461246636,False,False,60-90,aggressive
81,190,50.0,50.596841800764444,LGBMRegressor,temporal_w50,50,190,240,50,0.5968418007644445,0.5968418007644445,False,False,30-60,aggressive
81,220,20.0,13.091895849017392,LGBMRegressor,temporal_w50,20,220,240,50,-6.9081041509826075,6.9081041509826075,False,False,0-30,aggressive
84,127,140.0,103.50525744692233,LGBMRegressor,temporal_w50,140,127,267,50,-36.49474255307767,36.49474255307767,False,True,90+,aggressive
84,157,110.0,93.776333536807,LGBMRegressor,temporal_w50,110,157,267,50,-16.223666463193,16.223666463193,False,False,90+,aggressive
84,187,80.0,70.10132639256537,LGBMRegressor,temporal_w50,80,187,267,50,-9.898673607434631,9.898673607434631,False,False,60-90,aggressive
84,217,50.0,44.188696409679245,LGBMRegressor,temporal_w50,50,217,267,50,-5.811303590320755,5.811303590320755,False,False,30-60,aggressive
84,247,20.0,30.81383040606663,LGBMRegressor,temporal_w50,20,247,267,50,10.813830406066629,10.813830406066629,False,False,0-30,aggressive
91,25,110.0,101.66145363041836,LGBMRegressor,temporal_w50,110,25,135,25,-8.338546369581636,8.338546369581636,False,False,90+,aggressive
91,55,80.0,84.82705698646996,LGBMRegressor,temporal_w50,80,55,135,50,4.827056986469955,4.827056986469955,False,False,60-90,aggressive
91,85,50.0,66.26903013518512,LGBMRegressor,temporal_w50,50,85,135,50,16.26903013518512,16.26903013518512,False,False,30-60,aggressive
91,115,20.0,21.257821754390363,LGBMRegressor,temporal_w50,20,115,135,50,1.2578217543903634,1.2578217543903634,False,False,0-30,aggressive
1,52,140.0,119.13534660551966,LGBMRegressor,temporal_w50,140,52,192,50,-20.864653394480342,20.864653394480342,False,True,90+,soft
1,82,110.0,113.73141188631244,LGBMRegressor,temporal_w50,110,82,192,50,3.7314118863124435,3.7314118863124435,False,False,90+,soft
1,112,80.0,99.98184986092657,LGBMRegressor,temporal_w50,80,112,192,50,19.981849860926573,19.981849860926573,False,False,60-90,soft
1,142,50.0,57.10128777286115,LGBMRegressor,temporal_w50,50,142,192,50,7.1012877728611485,7.1012877728611485,False,False,30-60,soft
1,172,20.0,20.17051531474826,LGBMRegressor,temporal_w50,20,172,192,50,0.1705153147482612,0.1705153147482612,False,False,0-30,soft
5,129,140.0,114.9798122706504,LGBMRegressor,temporal_w50,140,129,269,50,-25.0201877293496,25.0201877293496,False,True,90+,soft
5,159,110.0,93.43998049482256,LGBMRegressor,temporal_w50,110,159,269,50,-16.560019505177436,16.560019505177436,False,False,90+,soft
5,189,80.0,64.73003300357573,LGBMRegressor,temporal_w50,80,189,269,50,-15.269966996424273,15.269966996424273,False,False,60-90,soft
5,219,50.0,39.41384493774188,LGBMRegressor,temporal_w50,50,219,269,50,-10.586155062258122,10.586155062258122,False,False,30-60,soft
5,249,20.0,14.610036440386597,LGBMRegressor,temporal_w50,20,249,269,50,-5.389963559613403,5.389963559613403,False,False,0-30,soft
11,100,140.0,120.69729904464107,LGBMRegressor,temporal_w50,140,100,240,50,-19.30270095535893,19.30270095535893,False,False,90+,soft
11,130,110.0,106.08089827864825,LGBMRegressor,temporal_w50,110,130,240,50,-3.919101721351751,3.919101721351751,False,False,90+,soft
11,160,80.0,60.77398235971856,LGBMRegressor,temporal_w50,80,160,240,50,-19.22601764028144,19.22601764028144,False,False,60-90,soft
11,190,50.0,46.93789946020466,LGBMRegressor,temporal_w50,50,190,240,50,-3.0621005397953382,3.0621005397953382,False,False,30-60,soft
11,220,20.0,17.92405217023057,LGBMRegressor,temporal_w50,20,220,240,50,-2.0759478297694294,2.0759478297694294,False,False,0-30,soft
13,23,140.0,119.43014227117092,LGBMRegressor,temporal_w50,140,23,163,23,-20.569857728829078,20.569857728829078,False,True,90+,soft
13,53,110.0,116.76390434386795,LGBMRegressor,temporal_w50,110,53,163,50,6.763904343867949,6.763904343867949,False,False,90+,soft
13,83,80.0,105.48290909884645,LGBMRegressor,temporal_w50,80,83,163,50,25.48290909884645,25.48290909884645,True,False,60-90,soft
13,113,50.0,56.93223011003227,LGBMRegressor,temporal_w50,50,113,163,50,6.932230110032272,6.932230110032272,False,False,30-60,soft
13,143,20.0,25.702558610780876,LGBMRegressor,temporal_w50,20,143,163,50,5.702558610780876,5.702558610780876,False,False,0-30,soft
19,18,140.0,109.18207961863521,LGBMRegressor,temporal_w50,140,18,158,18,-30.817920381364786,30.817920381364786,False,True,90+,soft
19,48,110.0,111.61724877234708,LGBMRegressor,temporal_w50,110,48,158,48,1.6172487723470823,1.6172487723470823,False,False,90+,soft
19,78,80.0,101.62648297016561,LGBMRegressor,temporal_w50,80,78,158,50,21.62648297016561,21.62648297016561,True,False,60-90,soft
19,108,50.0,60.594469320905205,LGBMRegressor,temporal_w50,50,108,158,50,10.594469320905205,10.594469320905205,False,False,30-60,soft
19,138,20.0,24.782788827263357,LGBMRegressor,temporal_w50,20,138,158,50,4.7827888272633565,4.7827888272633565,False,False,0-30,soft
23,28,140.0,126.3828151552317,LGBMRegressor,temporal_w50,140,28,168,28,-13.617184844768303,13.617184844768303,False,False,90+,soft
23,58,110.0,111.1214241270727,LGBMRegressor,temporal_w50,110,58,168,50,1.1214241270727001,1.1214241270727001,False,False,90+,soft
23,88,80.0,104.62732725493862,LGBMRegressor,temporal_w50,80,88,168,50,24.62732725493862,24.62732725493862,True,False,60-90,soft
23,118,50.0,65.25388414439914,LGBMRegressor,temporal_w50,50,118,168,50,15.253884144399137,15.253884144399137,False,False,30-60,soft
23,148,20.0,25.49061036287906,LGBMRegressor,temporal_w50,20,148,168,50,5.49061036287906,5.49061036287906,False,False,0-30,soft
31,94,140.0,110.76339015786546,LGBMRegressor,temporal_w50,140,94,234,50,-29.23660984213454,29.23660984213454,False,True,90+,soft
31,124,110.0,117.40491789733437,LGBMRegressor,temporal_w50,110,124,234,50,7.4049178973343714,7.4049178973343714,False,False,90+,soft
31,154,80.0,86.68582307050971,LGBMRegressor,temporal_w50,80,154,234,50,6.685823070509713,6.685823070509713,False,False,60-90,soft
31,184,50.0,56.015903942366435,LGBMRegressor,temporal_w50,50,184,234,50,6.015903942366435,6.015903942366435,False,False,30-60,soft
31,214,20.0,14.043924201566188,LGBMRegressor,temporal_w50,20,214,234,50,-5.956075798433812,5.956075798433812,False,False,0-30,soft
32,51,140.0,118.74535147690962,LGBMRegressor,temporal_w50,140,51,191,50,-21.25464852309038,21.25464852309038,False,True,90+,soft
32,81,110.0,112.15387613351578,LGBMRegressor,temporal_w50,110,81,191,50,2.15387613351578,2.15387613351578,False,False,90+,soft
32,111,80.0,88.3446418201007,LGBMRegressor,temporal_w50,80,111,191,50,8.344641820100705,8.344641820100705,False,False,60-90,soft
32,141,50.0,49.9587614038814,LGBMRegressor,temporal_w50,50,141,191,50,-0.041238596118603255,0.041238596118603255,False,False,30-60,soft
32,171,20.0,22.0335120651254,LGBMRegressor,temporal_w50,20,171,191,50,2.0335120651254,2.0335120651254,False,False,0-30,soft
34,55,140.0,116.49124106800647,LGBMRegressor,temporal_w50,140,55,195,50,-23.508758931993526,23.508758931993526,False,True,90+,soft
34,85,110.0,108.6918255178575,LGBMRegressor,temporal_w50,110,85,195,50,-1.3081744821425048,1.3081744821425048,False,False,90+,soft
34,115,80.0,93.47336319363383,LGBMRegressor,temporal_w50,80,115,195,50,13.47336319363383,13.47336319363383,False,False,60-90,soft
34,145,50.0,51.79673943177479,LGBMRegressor,temporal_w50,50,145,195,50,1.796739431774789,1.796739431774789,False,False,30-60,soft
34,175,20.0,19.957910315058776,LGBMRegressor,temporal_w50,20,175,195,50,-0.04208968494122445,0.04208968494122445,False,False,0-30,soft
40,48,140.0,122.97636229175758,LGBMRegressor,temporal_w50,140,48,188,48,-17.02363770824242,17.02363770824242,False,False,90+,soft
40,78,110.0,123.23045160059344,LGBMRegressor,temporal_w50,110,78,188,50,13.23045160059344,13.23045160059344,False,False,90+,soft
40,108,80.0,71.65214696393966,LGBMRegressor,temporal_w50,80,108,188,50,-8.347853036060343,8.347853036060343,False,False,60-90,soft
40,138,50.0,55.91669536824168,LGBMRegressor,temporal_w50,50,138,188,50,5.916695368241683,5.916695368241683,False,False,30-60,soft
40,168,20.0,28.012786368536574,LGBMRegressor,temporal_w50,20,168,188,50,8.012786368536574,8.012786368536574,False,False,0-30,soft
45,18,140.0,119.32695373027049,LGBMRegressor,temporal_w50,140,18,158,18,-20.67304626972951,20.67304626972951,False,True,90+,soft
45,48,110.0,120.06697144780013,LGBMRegressor,temporal_w50,110,48,158,48,10.066971447800128,10.066971447800128,False,False,90+,soft
45,78,80.0,101.98129919330876,LGBMRegressor,temporal_w50,80,78,158,50,21.981299193308757,21.981299193308757,True,False,60-90,soft
45,108,50.0,56.66684722973721,LGBMRegressor,temporal_w50,50,108,158,50,6.666847229737208,6.666847229737208,False,False,30-60,soft
45,138,20.0,21.24215390663622,LGBMRegressor,temporal_w50,20,138,158,50,1.2421539066362186,1.2421539066362186,False,False,0-30,soft
46,116,140.0,115.99194373275749,LGBMRegressor,temporal_w50,140,116,256,50,-24.00805626724251,24.00805626724251,False,True,90+,soft
46,146,110.0,116.26718974382898,LGBMRegressor,temporal_w50,110,146,256,50,6.267189743828979,6.267189743828979,False,False,90+,soft
46,176,80.0,69.62149390095992,LGBMRegressor,temporal_w50,80,176,256,50,-10.37850609904008,10.37850609904008,False,False,60-90,soft
46,206,50.0,44.30732986225614,LGBMRegressor,temporal_w50,50,206,256,50,-5.69267013774386,5.69267013774386,False,False,30-60,soft
46,236,20.0,18.32750640245141,LGBMRegressor,temporal_w50,20,236,256,50,-1.6724935975485913,1.6724935975485913,False,False,0-30,soft
54,117,140.0,112.74910796711664,LGBMRegressor,temporal_w50,140,117,257,50,-27.250892032883357,27.250892032883357,False,True,90+,soft
54,147,110.0,104.49786247505615,LGBMRegressor,temporal_w50,110,147,257,50,-5.502137524943848,5.502137524943848,False,False,90+,soft
54,177,80.0,75.69267296328776,LGBMRegressor,temporal_w50,80,177,257,50,-4.307327036712238,4.307327036712238,False,False,60-90,soft
54,207,50.0,45.559275331416195,LGBMRegressor,temporal_w50,50,207,257,50,-4.440724668583805,4.440724668583805,False,False,30-60,soft
54,237,20.0,20.974693026021214,LGBMRegressor,temporal_w50,20,237,257,50,0.9746930260212139,0.9746930260212139,False,False,0-30,soft
71,68,140.0,122.13420354792989,LGBMRegressor,temporal_w50,140,68,208,50,-17.865796452070114,17.865796452070114,False,False,90+,soft
71,98,110.0,112.94764592891971,LGBMRegressor,temporal_w50,110,98,208,50,2.9476459289197123,2.9476459289197123,False,False,90+,soft
71,128,80.0,78.91716796534278,LGBMRegressor,temporal_w50,80,128,208,50,-1.0828320346572156,1.0828320346572156,False,False,60-90,soft
71,158,50.0,55.006363735134435,LGBMRegressor,temporal_w50,50,158,208,50,5.0063637351344354,5.0063637351344354,False,False,30-60,soft
71,188,20.0,19.068346170047526,LGBMRegressor,temporal_w50,20,188,208,50,-0.9316538299524737,0.9316538299524737,False,False,0-30,soft
74,26,140.0,113.9499976705633,LGBMRegressor,temporal_w50,140,26,166,26,-26.050002329436694,26.050002329436694,False,True,90+,soft
74,56,110.0,115.85535488253323,LGBMRegressor,temporal_w50,110,56,166,50,5.855354882533234,5.855354882533234,False,False,90+,soft
74,86,80.0,106.22211747333678,LGBMRegressor,temporal_w50,80,86,166,50,26.22211747333678,26.22211747333678,True,False,60-90,soft
74,116,50.0,53.77025323936564,LGBMRegressor,temporal_w50,50,116,166,50,3.770253239365637,3.770253239365637,False,False,30-60,soft
74,146,20.0,20.694978521110333,LGBMRegressor,temporal_w50,20,146,166,50,0.6949785211103325,0.6949785211103325,False,False,0-30,soft
77,14,140.0,123.9938287925318,LGBMRegressor,temporal_w50,140,14,154,14,-16.0061712074682,16.0061712074682,False,False,90+,soft
77,44,110.0,105.66371349848485,LGBMRegressor,temporal_w50,110,44,154,44,-4.336286501515147,4.336286501515147,False,False,90+,soft
77,74,80.0,110.11650727209872,LGBMRegressor,temporal_w50,80,74,154,50,30.116507272098715,30.116507272098715,True,False,60-90,soft
77,104,50.0,63.00663846402056,LGBMRegressor,temporal_w50,50,104,154,50,13.006638464020561,13.006638464020561,False,False,30-60,soft
77,134,20.0,27.00073536634626,LGBMRegressor,temporal_w50,20,134,154,50,7.000735366346259,7.000735366346259,False,False,0-30,soft
78,91,140.0,115.25826484680861,LGBMRegressor,temporal_w50,140,91,231,50,-24.741735153191385,24.741735153191385,False,True,90+,soft
78,121,110.0,94.76089443216863,LGBMRegressor,temporal_w50,110,121,231,50,-15.239105567831373,15.239105567831373,False,False,90+,soft
78,151,80.0,107.13704002765323,LGBMRegressor,temporal_w50,80,151,231,50,27.137040027653228,27.137040027653228,True,False,60-90,soft
78,181,50.0,48.719131359443935,LGBMRegressor,temporal_w50,50,181,231,50,-1.280868640556065,1.280868640556065,False,False,30-60,soft
78,211,20.0,18.57343254094915,LGBMRegressor,temporal_w50,20,211,231,50,-1.426567459050851,1.426567459050851,False,False,0-30,soft
81,100,140.0,115.15134112244048,LGBMRegressor,temporal_w50,140,100,240,50,-24.848658877559515,24.848658877559515,False,True,90+,soft
81,130,110.0,94.93795643184671,LGBMRegressor,temporal_w50,110,130,240,50,-15.062043568153285,15.062043568153285,False,False,90+,soft
81,160,80.0,82.49684505710009,LGBMRegressor,temporal_w50,80,160,240,50,2.4968450571000886,2.4968450571000886,False,False,60-90,soft
81,190,50.0,44.78648394611507,LGBMRegressor,temporal_w50,50,190,240,50,-5.213516053884931,5.213516053884931,False,False,30-60,soft
81,220,20.0,14.04807102453189,LGBMRegressor,temporal_w50,20,220,240,50,-5.95192897546811,5.95192897546811,False,False,0-30,soft
84,127,140.0,107.56698438427316,LGBMRegressor,temporal_w50,140,127,267,50,-32.433015615726845,32.433015615726845,False,True,90+,soft
84,157,110.0,88.05672283386785,LGBMRegressor,temporal_w50,110,157,267,50,-21.943277166132148,21.943277166132148,False,True,90+,soft
84,187,80.0,70.13465278124276,LGBMRegressor,temporal_w50,80,187,267,50,-9.865347218757236,9.865347218757236,False,False,60-90,soft
84,217,50.0,43.85914483192923,LGBMRegressor,temporal_w50,50,217,267,50,-6.140855168070772,6.140855168070772,False,False,30-60,soft
84,247,20.0,33.20479097826962,LGBMRegressor,temporal_w50,20,247,267,50,13.204790978269621,13.204790978269621,False,False,0-30,soft
91,25,110.0,107.15310558455968,LGBMRegressor,temporal_w50,110,25,135,25,-2.8468944154403175,2.8468944154403175,False,False,90+,soft
91,55,80.0,87.40531635083433,LGBMRegressor,temporal_w50,80,55,135,50,7.405316350834326,7.405316350834326,False,False,60-90,soft
91,85,50.0,64.94341927959496,LGBMRegressor,temporal_w50,50,85,135,50,14.943419279594963,14.943419279594963,False,False,30-60,soft
91,115,20.0,21.796175091310804,LGBMRegressor,temporal_w50,20,115,135,50,1.796175091310804,1.796175091310804,False,False,0-30,soft
